"Env","EID","GID","kwt","d2b","GY","PH","M"
"dhule",1,"B108 x R11",8.460140484,53.14389717,1831.154809,180.3408793,"H"
"dhule",1,"B108 x R110",7.870559468,55.47384914,2365.744454,186.727451,"H"
"dhule",1,"B108 x R115",7.806896128,57.28624055,2019.043293,194.3098813,"H"
"dhule",1,"B108 x R151",8.485476677,55.46080978,2072.901926,191.3626996,"H"
"dhule",1,"B108 x R157",10.16678124,54.64192353,2563.002906,193.0159375,"H"
"dhule",1,"B108 x R167",7.449647385,57.90901052,2197.155058,198.941303,"H"
"dhule",1,"B108 x R171",9.532246287,57.2952746,2370.166701,200.0707146,"H"
"dhule",1,"B108 x R177",6.858780418,56.33649156,1576.559175,191.6524345,"H"
"dhule",1,"B108 x R183",8.555715379,53.23529079,2101.317179,189.2347613,"H"
"dhule",1,"B108 x R187",6.917303567,57.29595872,1866.458667,179.7464433,"H"
"dhule",1,"B108 x R2",9.456066868,55.91264629,2900.113369,193.1496619,"H"
"dhule",1,"B108 x R21",7.03678646,58.03939611,1839.413352,142.13423,"H"
"dhule",1,"B108 x R3",9.078364935,55.78595091,1929.309008,147.5219387,"H"
"dhule",1,"B108 x R69",9.140893117,56.8621028,2173.026213,201.6275762,"H"
"dhule",1,"B108 x R70",8.996276019,55.12683865,2355.386833,180.1021293,"H"
"dhule",1,"B108 x R75",8.210905988,56.93412609,1393.695271,162.638467,"H"
"dhule",1,"B108 x R80",9.360492042,57.44649849,2260.510061,193.4581082,"H"
"dhule",1,"B108 x R9",10.18617796,53.19258102,2171.634876,186.3661884,"H"
"dhule",1,"B110 x R11",9.949329377,52.56300053,2813.960551,183.3613339,"H"
"dhule",1,"B110 x R110",9.443575746,57.14735572,2427.462315,202.8612852,"H"
"dhule",1,"B110 x R115",8.483508965,58.20980102,2256.094422,208.2301056,"H"
"dhule",1,"B110 x R151",9.201044141,55.26076281,1904.245794,202.596067,"H"
"dhule",1,"B110 x R157",10.27682855,55.73946841,2443.252768,210.5485335,"H"
"dhule",1,"B110 x R167",9.31905613,56.17146714,3303.949871,193.1712828,"H"
"dhule",1,"B110 x R171",9.348556599,57.32597574,3012.944795,207.6945693,"H"
"dhule",1,"B110 x R177",8.665996993,55.76867636,1769.312656,181.0161089,"H"
"dhule",1,"B110 x R2",9.650269948,58.78736762,2417.389562,198.882708,"H"
"dhule",1,"B110 x R21",8.284522855,57.39796289,1781.899755,173.7630985,"H"
"dhule",1,"B110 x R22",8.632631508,61.61935726,2296.286108,187.3465425,"H"
"dhule",1,"B110 x R3",7.654338827,57.19238639,1519.636829,149.193776,"H"
"dhule",1,"B110 x R69",9.43321954,58.09455462,2409.525377,186.5589691,"H"
"dhule",1,"B110 x R70",9.098215818,57.94413124,1758.275526,170.4926942,"H"
"dhule",1,"B110 x R80",10.14607334,56.7310087,2693.564428,215.6769744,"H"
"dhule",1,"B110 x R83",8.156196981,53.66358018,2585.367013,204.2408752,"H"
"dhule",1,"B110 x R9",8.670342157,54.47079304,2260.695945,199.4706073,"H"
"dhule",1,"B130 x R11",9.682589268,52.95517508,2199.813182,180.1107572,"H"
"dhule",1,"B130 x R110",8.692188325,56.77399423,1936.613789,184.1464865,"H"
"dhule",1,"B130 x R115",9.302733258,55.77375876,1939.294292,191.1755637,"H"
"dhule",1,"B130 x R151",7.429036999,53.79693778,1802.126725,178.2000787,"H"
"dhule",1,"B130 x R157",9.757230881,55.72319472,2470.828781,193.1294657,"H"
"dhule",1,"B130 x R167",7.951985679,59.44476492,2235.882352,194.8205748,"H"
"dhule",1,"B130 x R171",8.044725293,56.27365994,2323.291065,177.3182924,"H"
"dhule",1,"B130 x R177",8.872776787,56.09568086,2057.979624,199.3160197,"H"
"dhule",1,"B130 x R183",9.349863951,57.82101787,1906.919519,185.1247766,"H"
"dhule",1,"B130 x R187",8.81866117,56.45270207,1916.456611,187.2015844,"H"
"dhule",1,"B130 x R2",9.763771687,57.39280117,2125.831722,186.8344449,"H"
"dhule",1,"B130 x R21",8.142845591,55.82486074,2387.68293,162.9131729,"H"
"dhule",1,"B130 x R22",8.948922025,55.25179308,2353.135142,197.0638696,"H"
"dhule",1,"B130 x R3",9.904596104,58.11501576,1896.038292,169.0737985,"H"
"dhule",1,"B130 x R69",9.211328232,55.2071553,2036.481217,192.6205028,"H"
"dhule",1,"B130 x R70",9.51207952,58.64938396,1873.297809,188.2332895,"H"
"dhule",1,"B130 x R75",9.922295223,55.49015358,2252.912094,175.7422156,"H"
"dhule",1,"B130 x R80",7.32654501,57.49207562,1783.904899,186.2563177,"H"
"dhule",1,"B130 x R83",9.062195918,56.13936858,2224.278177,192.0279256,"H"
"dhule",1,"B130 x R9",8.898911493,54.05638012,1846.011332,184.9602088,"H"
"dhule",1,"B159 x R11",9.859318904,49.81898789,2195.538951,173.909686,"H"
"dhule",1,"B159 x R110",8.988258123,58.53424175,2082.838807,167.8116728,"H"
"dhule",1,"B159 x R115",9.347569617,53.59758374,2653.684061,195.1117254,"H"
"dhule",1,"B159 x R151",9.122333854,55.62047929,1753.628674,181.4927815,"H"
"dhule",1,"B159 x R157",10.21684351,55.75878967,1778.132563,187.2068141,"H"
"dhule",1,"B159 x R167",8.921540728,58.68064362,2250.154376,205.7659408,"H"
"dhule",1,"B159 x R171",9.054498946,55.07960771,2206.783872,192.7546779,"H"
"dhule",1,"B159 x R177",9.240883577,53.11255106,2780.312918,177.2373839,"H"
"dhule",1,"B159 x R183",9.470522115,53.56538275,2185.085046,178.8366082,"H"
"dhule",1,"B159 x R187",9.490958513,54.13380179,1701.818152,203.9223307,"H"
"dhule",1,"B159 x R2",8.007650706,58.12215407,1879.65528,194.8176335,"H"
"dhule",1,"B159 x R21",8.886219459,55.71825168,1808.537384,182.6741241,"H"
"dhule",1,"B159 x R22",9.831523833,54.44659983,2955.095915,189.3203252,"H"
"dhule",1,"B159 x R3",7.671103349,55.48631759,2638.860631,180.4613771,"H"
"dhule",1,"B159 x R69",10.00975522,57.6837005,1971.686491,170.9601749,"H"
"dhule",1,"B159 x R70",9.050773711,56.63992989,2495.502816,186.4076347,"H"
"dhule",1,"B159 x R75",10.25206904,54.53742265,2508.061205,190.6459745,"H"
"dhule",1,"B159 x R80",9.09703627,57.59145991,1856.51693,193.4427694,"H"
"dhule",1,"B159 x R83",9.701760681,52.59145584,3935.634568,191.6244461,"H"
"dhule",1,"B159 x R9",9.736797177,51.59183972,2101.367227,183.0748837,"H"
"dhule",1,"B169 x R11",8.600350971,51.2173662,2078.305112,170.4030146,"H"
"dhule",1,"B169 x R110",9.111317791,53.66675478,2162.073281,188.5141374,"H"
"dhule",1,"B169 x R115",10.49234439,55.85235589,2404.79943,182.0992618,"H"
"dhule",1,"B169 x R151",9.425844302,52.46458253,1894.076776,171.4962707,"H"
"dhule",1,"B169 x R157",9.377291899,54.648162,1871.434059,184.0684258,"H"
"dhule",1,"B169 x R171",9.680849195,55.08357294,2653.342393,182.5896815,"H"
"dhule",1,"B169 x R177",8.77591981,51.6864444,2264.749066,178.5602454,"H"
"dhule",1,"B169 x R183",9.738309611,51.57512816,2078.048308,171.9250152,"H"
"dhule",1,"B169 x R187",10.18934244,54.51499123,2178.699435,183.3750405,"H"
"dhule",1,"B169 x R2",9.576901631,57.97411542,2311.377294,188.8207971,"H"
"dhule",1,"B169 x R21",8.739949442,53.96240603,2263.449169,185.397685,"H"
"dhule",1,"B169 x R3",7.897966715,57.44279797,2188.930632,180.0625384,"H"
"dhule",1,"B169 x R69",8.797580699,58.22658825,2071.803125,190.6350075,"H"
"dhule",1,"B169 x R70",9.677704165,56.31245125,2007.170745,193.2902602,"H"
"dhule",1,"B169 x R83",7.95329495,59.27651208,2163.312172,188.9488715,"H"
"dhule",1,"B169 x R9",9.549684359,52.55235965,2414.438948,185.2750334,"H"
"dhule",1,"B191 x R110",9.650205856,54.29339516,2167.064337,188.3983437,"H"
"dhule",1,"B191 x R115",7.732976008,58.2312893,2604.44114,171.3452323,"H"
"dhule",1,"B191 x R151",10.23671199,55.46411184,2139.564802,188.5757766,"H"
"dhule",1,"B191 x R167",10.9146907,58.03408517,2663.898342,197.1888456,"H"
"dhule",1,"B191 x R171",9.494444578,59.0155007,2206.569091,197.8556984,"H"
"dhule",1,"B191 x R183",10.03758384,56.16665463,1821.111016,190.5508759,"H"
"dhule",1,"B191 x R2",9.956282537,59.74640678,1219.246761,183.5250995,"H"
"dhule",1,"B191 x R21",8.095053815,55.19747159,1350.539978,169.3018148,"H"
"dhule",1,"B191 x R22",7.975102472,56.51704363,3353.482723,183.6057918,"H"
"dhule",1,"B191 x R3",8.277832327,57.84418539,1342.405434,145.8587282,"H"
"dhule",1,"B191 x R69",10.6225138,57.07243606,2760.884128,192.5928441,"H"
"dhule",1,"B191 x R70",10.26368119,55.29103606,2517.562588,199.9143735,"H"
"dhule",1,"B191 x R75",9.546396545,57.34304049,2041.51588,148.8912943,"H"
"dhule",1,"B191 x R80",9.364852101,55.60842508,2770.982298,192.0659615,"H"
"dhule",1,"B191 x R9",10.04773886,54.51828203,2638.143562,187.9552268,"H"
"dhule",1,"B24 x R11",8.769101274,51.03026375,2144.743505,143.8792251,"H"
"dhule",1,"B24 x R110",9.538464848,51.36901055,2142.224872,171.435632,"H"
"dhule",1,"B24 x R115",9.003315909,50.75027588,2019.84058,180.5899769,"H"
"dhule",1,"B24 x R151",10.46276697,52.17316066,2232.571756,157.6683871,"H"
"dhule",1,"B24 x R157",9.803461901,50.12144518,2326.272649,177.9887052,"H"
"dhule",1,"B24 x R167",10.20186574,52.8355482,2671.757342,180.4350705,"H"
"dhule",1,"B24 x R171",10.2865485,50.3141388,3123.355073,198.1362287,"H"
"dhule",1,"B24 x R177",9.570792306,51.90368164,2145.096208,167.827242,"H"
"dhule",1,"B24 x R183",9.730215257,51.27431463,2136.239264,156.009311,"H"
"dhule",1,"B24 x R187",10.33251376,50.62076071,2531.425381,172.2348313,"H"
"dhule",1,"B24 x R2",8.363859559,52.18114452,1953.634945,185.4486371,"H"
"dhule",1,"B24 x R21",8.410858904,51.06158823,1529.12451,158.0925454,"H"
"dhule",1,"B24 x R22",8.76202187,53.89163579,2198.103848,185.524583,"H"
"dhule",1,"B24 x R3",10.02288081,51.60936595,2366.665822,153.7052359,"H"
"dhule",1,"B24 x R69",8.966582673,51.95119174,2365.630482,181.9748249,"H"
"dhule",1,"B24 x R70",8.683630266,53.04032559,2334.994125,177.2447934,"H"
"dhule",1,"B24 x R75",10.95098863,51.88012864,2337.318803,149.3885173,"H"
"dhule",1,"B24 x R80",8.682406067,53.67701674,2114.668072,175.1246356,"H"
"dhule",1,"B24 x R83",8.746847077,53.29466661,1650.950833,164.3109968,"H"
"dhule",1,"B24 x R9",9.375302631,49.61092951,2087.641736,171.3101407,"H"
"dhule",1,"B37 x R115",7.749317052,55.97355355,1793.096579,172.2261426,"H"
"dhule",1,"B37 x R167",9.709302401,55.37293502,3076.582051,202.0784559,"H"
"dhule",1,"B37 x R171",8.708498372,55.70462984,2693.795923,215.0857034,"H"
"dhule",1,"B37 x R177",8.885548021,55.52626917,2575.081367,197.5706597,"H"
"dhule",1,"B37 x R183",8.249929007,54.65495417,2473.33381,177.5020796,"H"
"dhule",1,"B37 x R187",8.318336674,53.05690206,2253.701678,190.8086232,"H"
"dhule",1,"B37 x R2",9.014618716,56.53459381,2466.846743,198.8414135,"H"
"dhule",1,"B37 x R21",8.912336574,55.2537288,1671.512018,171.829028,"H"
"dhule",1,"B37 x R22",8.080523486,58.29555859,1536.603483,191.1411708,"H"
"dhule",1,"B37 x R3",7.725362478,53.45689292,1733.810313,172.9074434,"H"
"dhule",1,"B37 x R69",9.591290413,54.46223069,2305.028005,205.7383871,"H"
"dhule",1,"B37 x R70",9.098488442,54.59999139,2240.343785,200.7398653,"H"
"dhule",1,"B37 x R83",7.627606895,56.99499812,2488.989491,194.8869558,"H"
"dhule",1,"B37 x R9",7.976317626,54.81536643,1898.646753,189.2417676,"H"
"dhule",1,"B3 x R11",8.0453272,52.2675848,2010.3743,172.3205518,"H"
"dhule",1,"B3 x R110",8.627622771,52.06424939,2071.526371,187.6479436,"H"
"dhule",1,"B3 x R115",8.590921565,53.8406056,2087.940805,189.9869825,"H"
"dhule",1,"B3 x R151",9.689891327,50.73093328,2585.613575,185.2207563,"H"
"dhule",1,"B3 x R157",9.521008864,53.29331657,1805.354623,194.9452005,"H"
"dhule",1,"B3 x R167",9.455095237,54.75990612,2415.650916,198.7931879,"H"
"dhule",1,"B3 x R171",11.10179691,53.69551684,1709.688591,194.9527967,"H"
"dhule",1,"B3 x R177",9.21107629,52.95726405,1641.370407,180.7367438,"H"
"dhule",1,"B3 x R183",9.538690344,51.85723407,2405.38645,170.0581763,"H"
"dhule",1,"B3 x R187",8.501316524,53.52870294,2359.944768,189.4567071,"H"
"dhule",1,"B3 x R2",7.429593101,56.46090419,3013.230276,184.4742957,"H"
"dhule",1,"B3 x R21",7.712630085,54.02946968,1714.713167,159.1556762,"H"
"dhule",1,"B3 x R22",8.780569723,53.57333696,1914.299786,189.3762456,"H"
"dhule",1,"B3 x R3",8.408190981,54.74157981,1511.783285,164.2066613,"H"
"dhule",1,"B3 x R69",10.24444535,52.66684509,2668.282302,199.4971429,"H"
"dhule",1,"B3 x R70",8.514826779,53.325078,2003.923818,186.1874808,"H"
"dhule",1,"B3 x R75",9.155694759,53.63603889,2248.711261,165.9807966,"H"
"dhule",1,"B3 x R80",9.686867327,54.92281632,1871.038011,191.2615915,"H"
"dhule",1,"B3 x R83",8.90817434,52.62998483,2276.050981,185.413272,"H"
"dhule",1,"B3 x R9",7.982846129,53.47067717,2163.343397,177.9002197,"H"
"dhule",1,"B64 x R11",9.508542368,51.78443714,2259.322902,165.0466239,"H"
"dhule",1,"B64 x R110",10.35819378,52.34074878,2475.531117,176.6494413,"H"
"dhule",1,"B64 x R115",10.50740288,52.56755263,2419.513789,186.2735946,"H"
"dhule",1,"B64 x R151",11.53661938,51.17134668,2263.732311,169.3953458,"H"
"dhule",1,"B64 x R157",9.394231573,51.2103939,2487.272639,190.9257017,"H"
"dhule",1,"B64 x R167",9.78029505,55.56640333,2152.600353,185.9527214,"H"
"dhule",1,"B64 x R171",9.84682529,53.52183155,1906.084632,197.0720431,"H"
"dhule",1,"B64 x R177",9.172634553,51.19296303,2003.974293,172.3608803,"H"
"dhule",1,"B64 x R183",9.579195717,51.14677243,1841.91713,174.4811387,"H"
"dhule",1,"B64 x R187",9.428306593,53.16202445,1820.851621,178.9450511,"H"
"dhule",1,"B64 x R2",9.850559503,52.86832227,2551.725621,187.5158632,"H"
"dhule",1,"B64 x R21",8.96889141,53.82338077,1796.834918,191.8227198,"H"
"dhule",1,"B64 x R22",10.16274774,53.68171708,2210.056839,178.2739793,"H"
"dhule",1,"B64 x R3",8.630625719,53.30429257,2326.663426,187.4412035,"H"
"dhule",1,"B64 x R69",9.827526931,53.05536114,2027.546986,184.0848274,"H"
"dhule",1,"B64 x R70",9.430864818,53.24978115,1919.718493,191.9110957,"H"
"dhule",1,"B64 x R75",9.568904892,51.9521653,2419.080539,186.8505883,"H"
"dhule",1,"B64 x R80",9.014789944,54.79393704,2852.027434,185.6199032,"H"
"dhule",1,"B64 x R83",10.02358732,52.99476825,2593.724923,184.7040019,"H"
"dhule",1,"B64 x R9",7.906887574,49.96458041,2399.011616,173.3235296,"H"
"dhule",1,"B65 x R11",9.716177274,49.86140153,1950.583278,156.9212425,"H"
"dhule",1,"B65 x R110",10.10113229,51.50158198,2045.894403,168.1796813,"H"
"dhule",1,"B65 x R115",10.82083118,50.45500793,1914.349932,173.1335816,"H"
"dhule",1,"B65 x R151",10.3311627,52.61943041,3185.498068,155.0140237,"H"
"dhule",1,"B65 x R157",9.620012143,49.20045076,2277.416504,186.3715885,"H"
"dhule",1,"B65 x R167",10.66943811,54.28934924,2419.619631,194.0146309,"H"
"dhule",1,"B65 x R171",10.27943429,54.11464902,2483.19932,183.0397004,"H"
"dhule",1,"B65 x R177",8.441036173,52.723482,2007.910954,177.3997741,"H"
"dhule",1,"B65 x R183",8.654442319,51.56879495,2273.863577,160.9124779,"H"
"dhule",1,"B65 x R187",9.04945913,52.19442997,1807.222561,169.7675894,"H"
"dhule",1,"B65 x R2",11.88621698,53.10248794,2278.135773,179.9303073,"H"
"dhule",1,"B65 x R21",8.531787791,51.6456467,2102.509396,173.9532469,"H"
"dhule",1,"B65 x R22",10.32448514,52.42427898,2226.432916,172.9686084,"H"
"dhule",1,"B65 x R3",10.31293728,51.57729471,2496.701472,180.3396818,"H"
"dhule",1,"B65 x R69",11.18670331,51.51042417,2421.900173,186.964741,"H"
"dhule",1,"B65 x R70",10.60406007,53.43933106,1947.301898,173.3352123,"H"
"dhule",1,"B65 x R75",10.41912926,51.24270823,2061.017313,166.9652428,"H"
"dhule",1,"B65 x R80",7.05891151,55.38929784,2261.040905,190.9409718,"H"
"dhule",1,"B65 x R83",9.71207214,52.06885224,1834.279922,180.9738485,"H"
"dhule",1,"B65 x R9",8.449419638,51.96249029,1443.657471,160.9694383,"H"
"dhule",1,"B86 x R11",10.03749509,52.27209686,1594.623125,177.2986419,"H"
"dhule",1,"B86 x R110",10.2890359,53.76583527,2468.407122,196.4087188,"H"
"dhule",1,"B86 x R115",10.81387639,57.01291348,3382.7106,196.3842395,"H"
"dhule",1,"B86 x R151",9.500220259,58.21995003,2129.296902,186.1658532,"H"
"dhule",1,"B86 x R157",9.306367743,55.89077293,1942.312331,189.8515394,"H"
"dhule",1,"B86 x R171",10.47614872,54.36159159,2448.684655,201.7597146,"H"
"dhule",1,"B86 x R177",9.532304685,53.78064756,2521.43713,185.2748199,"H"
"dhule",1,"B86 x R2",9.855390044,55.4464611,2622.131339,217.0694287,"H"
"dhule",1,"B86 x R21",9.636442318,54.24848393,1801.110645,164.2903808,"H"
"dhule",1,"B86 x R22",10.27267404,54.66478138,2646.300599,204.6139613,"H"
"dhule",1,"B86 x R3",9.396281733,59.26417815,1687.750945,151.0831166,"H"
"dhule",1,"B86 x R70",9.615969303,56.16096533,2334.290828,199.5360944,"H"
"dhule",1,"B86 x R75",9.053511963,54.65984026,2036.246075,166.6060811,"H"
"dhule",1,"B86 x R80",10.16696972,58.44026348,1706.382506,204.904896,"H"
"dhule",1,"B86 x R83",9.515983342,55.91498374,2144.875493,191.3103877,"H"
"dhule",1,"B86 x R9",9.531637912,52.68205195,1871.522627,183.8211105,"H"
"dhule",1,"B96 x R11",9.099025116,50.96056916,2353.947578,182.2346056,"H"
"dhule",1,"B96 x R110",10.91325771,53.76207526,3049.451493,194.2931474,"H"
"dhule",1,"B96 x R115",8.494703419,54.69925283,2086.094211,185.6963714,"H"
"dhule",1,"B96 x R151",11.56129072,54.84691555,2370.316551,188.1866782,"H"
"dhule",1,"B96 x R157",9.154808114,54.63957158,2069.963635,190.4377838,"H"
"dhule",1,"B96 x R167",8.992082794,58.26934628,2295.91581,195.0630973,"H"
"dhule",1,"B96 x R171",9.171704,57.16520173,2009.828533,192.7923644,"H"
"dhule",1,"B96 x R177",11.09066659,54.13861937,2244.524737,191.2346018,"H"
"dhule",1,"B96 x R183",9.448217717,53.50203791,2208.944417,181.8594039,"H"
"dhule",1,"B96 x R187",9.357016315,53.77788374,2078.73424,203.9010948,"H"
"dhule",1,"B96 x R2",9.999391648,56.4033501,2574.337189,192.8168917,"H"
"dhule",1,"B96 x R21",8.824443891,54.30398388,1343.543913,166.391801,"H"
"dhule",1,"B96 x R22",9.684477232,61.06297462,2387.523978,205.4598045,"H"
"dhule",1,"B96 x R3",8.705496682,57.12942146,1562.574376,142.3082564,"H"
"dhule",1,"B96 x R69",8.329310812,57.68631325,1750.604369,187.1702547,"H"
"dhule",1,"B96 x R70",9.499122488,56.35490866,2555.667963,197.5625924,"H"
"dhule",1,"B96 x R75",8.477799087,57.05232554,1992.006547,155.86982,"H"
"dhule",1,"B96 x R80",10.27502441,56.03518366,2092.471764,198.0708908,"H"
"dhule",1,"B96 x R83",9.428570766,55.29839788,1832.863268,187.7387613,"H"
"dhule",1,"B96 x R9",10.1446115,52.79597669,2505.030301,185.314755,"H"
"hisar",2,"B108 x R11",8.256800713,54.13740047,2486.308987,198.9882642,"H"
"hisar",2,"B108 x R110",9.728248658,56.33119355,2005.600126,202.375328,"H"
"hisar",2,"B108 x R115",9.520160459,54.59583048,2331.168984,205.8833233,"H"
"hisar",2,"B108 x R151",10.10238643,52.91238555,2923.203949,197.484304,"H"
"hisar",2,"B108 x R157",9.531735841,53.17223834,2416.4304,219.5353663,"H"
"hisar",2,"B108 x R167",10.52192591,56.47110894,4597.12015,218.1081958,"H"
"hisar",2,"B108 x R171",9.578626896,56.8030897,1950.940336,197.5163219,"H"
"hisar",2,"B108 x R177",9.365313789,54.67088651,3515.038499,210.691249,"H"
"hisar",2,"B108 x R183",9.923202724,52.94394134,2289.191115,204.1506945,"H"
"hisar",2,"B108 x R187",9.199611908,58.67639596,2061.210166,216.1752905,"H"
"hisar",2,"B108 x R2",8.380146071,55.07235917,3553.118506,206.1904907,"H"
"hisar",2,"B108 x R21",6.939848475,58.54501049,1677.154782,166.6877284,"H"
"hisar",2,"B108 x R3",9.837400904,53.33751666,3401.287143,162.6756337,"H"
"hisar",2,"B108 x R69",9.060973471,57.84140964,3159.346094,218.9161587,"H"
"hisar",2,"B108 x R70",7.434302907,55.19821875,1950.565916,192.1296098,"H"
"hisar",2,"B108 x R75",9.47068631,55.6364545,2772.747231,171.5096777,"H"
"hisar",2,"B108 x R80",10.71611965,54.5387592,2474.296522,201.1093308,"H"
"hisar",2,"B108 x R9",12.1271178,54.0729233,1780.584851,211.1761638,"H"
"hisar",2,"B110 x R11",8.436553949,52.52109374,2389.632724,211.2401433,"H"
"hisar",2,"B110 x R110",11.97450702,58.46658715,3784.353205,208.1819391,"H"
"hisar",2,"B110 x R115",11.1616603,60.99677781,2690.363857,229.7622408,"H"
"hisar",2,"B110 x R151",12.58153976,57.5854856,3323.930453,194.4118974,"H"
"hisar",2,"B110 x R157",10.40948638,57.1459328,3171.797984,235.5501128,"H"
"hisar",2,"B110 x R167",8.649720348,53.65256915,3458.571611,229.8311135,"H"
"hisar",2,"B110 x R171",10.48732864,57.46159649,3554.691175,222.0403384,"H"
"hisar",2,"B110 x R177",9.578793444,55.66502344,2392.950046,196.8580124,"H"
"hisar",2,"B110 x R2",10.13810816,58.42263796,4527.10448,223.9964955,"H"
"hisar",2,"B110 x R21",9.924954815,57.24649154,3977.283012,180.6940001,"H"
"hisar",2,"B110 x R22",10.97329163,61.19656449,3440.350435,219.2182759,"H"
"hisar",2,"B110 x R3",10.63278664,60.0205183,2200.472308,163.3752729,"H"
"hisar",2,"B110 x R69",10.53812776,58.68276347,3266.952006,208.9955038,"H"
"hisar",2,"B110 x R70",11.65801081,60.31521877,3981.569819,226.5280833,"H"
"hisar",2,"B110 x R80",13.04123348,60.77673694,2016.247615,218.7613664,"H"
"hisar",2,"B110 x R83",8.503473421,56.37787514,2796.240143,191.7686625,"H"
"hisar",2,"B110 x R9",10.32580053,57.17838648,3059.668692,241.2534047,"H"
"hisar",2,"B130 x R11",9.218504397,54.26109573,2606.048561,185.4880128,"H"
"hisar",2,"B130 x R110",10.09514779,53.58739894,2461.56715,197.1752188,"H"
"hisar",2,"B130 x R115",8.571406313,57.67389395,2524.297844,184.7489191,"H"
"hisar",2,"B130 x R151",10.70264973,56.43952843,2891.765782,207.6979884,"H"
"hisar",2,"B130 x R157",9.616165904,54.46740526,2107.800257,183.1473507,"H"
"hisar",2,"B130 x R167",11.54130962,56.44676511,3663.63756,212.2984398,"H"
"hisar",2,"B130 x R171",9.431282224,55.43977998,2469.850126,203.0521326,"H"
"hisar",2,"B130 x R177",8.644534842,56.99963597,3057.103217,196.0569536,"H"
"hisar",2,"B130 x R183",8.694764958,54.38537208,2239.417208,207.8456804,"H"
"hisar",2,"B130 x R187",8.659859518,55.05949757,1708.452246,197.3390576,"H"
"hisar",2,"B130 x R2",9.243785421,58.55144421,2146.29033,197.8545395,"H"
"hisar",2,"B130 x R21",7.038569548,58.86042516,1118.391773,155.0877724,"H"
"hisar",2,"B130 x R22",10.66782074,53.26310092,3107.186919,192.0275208,"H"
"hisar",2,"B130 x R3",9.239265218,58.54968696,2076.195766,163.3094681,"H"
"hisar",2,"B130 x R69",10.23633798,57.70917276,2948.260281,191.1158765,"H"
"hisar",2,"B130 x R70",9.156116267,58.97289441,1866.303992,213.282635,"H"
"hisar",2,"B130 x R75",9.285414532,59.08476864,4217.161463,193.1663634,"H"
"hisar",2,"B130 x R80",7.597134619,58.64196325,1649.383944,192.4698728,"H"
"hisar",2,"B130 x R83",8.853570229,58.36281275,2121.231851,180.9693669,"H"
"hisar",2,"B130 x R9",9.803077451,52.17839113,3357.20142,201.3194493,"H"
"hisar",2,"B159 x R11",8.582390326,49.2486326,2830.876696,202.715548,"H"
"hisar",2,"B159 x R110",11.26413948,53.7236406,2494.513112,182.2703029,"H"
"hisar",2,"B159 x R115",10.14308502,55.23943959,3896.751738,180.7898654,"H"
"hisar",2,"B159 x R151",10.55569305,55.11687642,2978.599628,186.4249833,"H"
"hisar",2,"B159 x R157",11.60788535,53.55040297,3016.746635,179.4587036,"H"
"hisar",2,"B159 x R167",10.28485256,59.28417539,3629.367436,189.7060984,"H"
"hisar",2,"B159 x R171",11.84889409,54.86321979,3717.177323,218.7439312,"H"
"hisar",2,"B159 x R177",9.522848548,52.80664737,3738.545303,197.1615852,"H"
"hisar",2,"B159 x R183",8.136660362,52.36587624,2849.029923,175.3460644,"H"
"hisar",2,"B159 x R187",12.06507478,55.06079544,3292.271939,177.5758163,"H"
"hisar",2,"B159 x R2",9.297149775,55.39702799,2676.446978,193.9850505,"H"
"hisar",2,"B159 x R21",9.093385782,51.44939599,3658.628345,185.2685949,"H"
"hisar",2,"B159 x R22",9.205200801,54.84807889,2989.878448,196.3217417,"H"
"hisar",2,"B159 x R3",9.592827366,54.83271889,2714.725718,191.8293489,"H"
"hisar",2,"B159 x R69",10.02724112,56.19223483,2648.914216,178.7995763,"H"
"hisar",2,"B159 x R70",10.40198273,56.60085027,3966.830521,200.664912,"H"
"hisar",2,"B159 x R75",10.75104295,54.18213369,3864.785628,193.1789605,"H"
"hisar",2,"B159 x R80",10.48818046,55.16875849,2607.122324,206.7967824,"H"
"hisar",2,"B159 x R83",11.80976004,52.84988045,3528.764762,208.9305704,"H"
"hisar",2,"B159 x R9",9.916313915,52.01532978,3143.124527,199.5173619,"H"
"hisar",2,"B169 x R11",10.54222266,54.23441041,2702.923158,202.4788089,"H"
"hisar",2,"B169 x R110",8.123507187,53.11087389,2159.698381,199.5280856,"H"
"hisar",2,"B169 x R115",9.809156405,55.45916337,1990.840058,197.8499037,"H"
"hisar",2,"B169 x R151",10.17712616,53.86522594,2777.717691,187.1914307,"H"
"hisar",2,"B169 x R157",9.558102499,54.9115769,2608.088675,197.0619985,"H"
"hisar",2,"B169 x R171",9.403145718,53.11833934,2520.195505,208.6593791,"H"
"hisar",2,"B169 x R177",10.08293317,51.66564851,3194.080257,194.6901089,"H"
"hisar",2,"B169 x R183",9.728631998,51.41862998,3127.325565,199.5952955,"H"
"hisar",2,"B169 x R187",9.546723212,52.87757648,1658.377088,185.5791739,"H"
"hisar",2,"B169 x R2",10.3905034,50.90208445,2841.659427,209.4566483,"H"
"hisar",2,"B169 x R21",7.934988032,49.56696178,2863.333877,190.0727483,"H"
"hisar",2,"B169 x R3",11.00345683,54.40221454,3052.180013,197.8609925,"H"
"hisar",2,"B169 x R69",8.68494065,57.73830875,1646.712204,181.8023865,"H"
"hisar",2,"B169 x R70",9.607263529,56.10831709,2630.654138,187.6843233,"H"
"hisar",2,"B169 x R83",10.03302852,56.63262905,2774.903057,198.610235,"H"
"hisar",2,"B169 x R9",8.066708761,49.32308334,3863.362496,201.9677055,"H"
"hisar",2,"B191 x R110",11.26939979,54.75753619,2577.365024,207.8479666,"H"
"hisar",2,"B191 x R115",11.10500302,56.69182376,2292.790703,213.6498249,"H"
"hisar",2,"B191 x R151",10.00747072,55.66946742,2434.760027,183.2955728,"H"
"hisar",2,"B191 x R167",14.09536769,59.61687704,3940.620521,199.4369747,"H"
"hisar",2,"B191 x R171",12.15665692,61.4954584,2478.011075,209.8617299,"H"
"hisar",2,"B191 x R183",11.80445081,56.54747156,2665.599313,213.288876,"H"
"hisar",2,"B191 x R2",10.82513783,60.24790979,1040.222977,107.7721369,"H"
"hisar",2,"B191 x R21",8.407535393,55.23607943,2508.641921,158.0627064,"H"
"hisar",2,"B191 x R22",11.21648061,57.76333726,3559.13767,201.6182314,"H"
"hisar",2,"B191 x R3",8.400772983,59.79492456,1023.978589,143.5224723,"H"
"hisar",2,"B191 x R69",10.30262801,61.03095912,2224.328923,201.694524,"H"
"hisar",2,"B191 x R70",11.12685586,58.66776505,2152.211627,206.8019682,"H"
"hisar",2,"B191 x R75",8.366029605,59.14722877,1868.701129,157.7668229,"H"
"hisar",2,"B191 x R80",8.634564664,60.46582883,2042.860915,203.4176542,"H"
"hisar",2,"B191 x R9",9.062885762,55.91673816,2170.205098,191.9229632,"H"
"hisar",2,"B24 x R11",8.023764683,54.19191944,2281.59688,199.0579041,"H"
"hisar",2,"B24 x R110",9.281404937,50.3722882,2255.750766,200.0925495,"H"
"hisar",2,"B24 x R115",9.154500093,50.28276588,2547.044742,201.0136437,"H"
"hisar",2,"B24 x R151",11.45257154,48.68999697,2793.774803,194.4298882,"H"
"hisar",2,"B24 x R157",9.312008743,55.73946907,2150.968121,203.0652003,"H"
"hisar",2,"B24 x R167",12.24838614,57.3960561,3473.589206,204.6187986,"H"
"hisar",2,"B24 x R171",9.825469936,51.68653274,2550.030564,196.9280873,"H"
"hisar",2,"B24 x R177",8.475075068,51.43689483,2969.573146,184.6318204,"H"
"hisar",2,"B24 x R183",10.17738221,49.87235158,1858.281018,179.9003307,"H"
"hisar",2,"B24 x R187",9.626734079,52.12457023,2822.072898,207.8998507,"H"
"hisar",2,"B24 x R2",8.419064629,57.11471221,2146.76619,202.2948625,"H"
"hisar",2,"B24 x R21",7.235946542,53.30968737,3016.893275,165.9012988,"H"
"hisar",2,"B24 x R22",11.17694821,54.80811729,3049.871171,194.3810102,"H"
"hisar",2,"B24 x R3",9.834040639,52.71634803,1765.167405,165.5775341,"H"
"hisar",2,"B24 x R69",9.340249514,52.25909685,1908.243809,153.0193769,"H"
"hisar",2,"B24 x R70",8.39967372,52.36840181,3054.940498,190.8552601,"H"
"hisar",2,"B24 x R75",9.309618895,54.40098553,2370.404956,158.9159571,"H"
"hisar",2,"B24 x R80",8.620374847,57.6153308,2339.553962,204.4159826,"H"
"hisar",2,"B24 x R83",9.917480329,54.89070002,3283.507117,185.1821893,"H"
"hisar",2,"B24 x R9",8.214059377,47.34961788,2675.373401,206.3225398,"H"
"hisar",2,"B37 x R115",7.992705559,58.0517495,1080.954627,185.3314039,"H"
"hisar",2,"B37 x R167",12.17133406,58.33895437,4284.316876,237.5408316,"H"
"hisar",2,"B37 x R171",9.009029673,56.22707011,2561.662063,199.8110074,"H"
"hisar",2,"B37 x R177",8.173688528,54.71084953,4012.958957,203.5683982,"H"
"hisar",2,"B37 x R183",9.35959804,57.08487323,1432.281061,180.0689223,"H"
"hisar",2,"B37 x R187",9.982673579,51.15632563,2011.240425,217.8433529,"H"
"hisar",2,"B37 x R2",8.417735155,53.94126576,3241.821971,196.7518681,"H"
"hisar",2,"B37 x R21",7.734553644,56.40593874,1468.381318,178.5117162,"H"
"hisar",2,"B37 x R22",9.590929391,56.56776646,2066.417147,203.5177404,"H"
"hisar",2,"B37 x R3",8.805308301,56.92132645,1627.783307,184.9697085,"H"
"hisar",2,"B37 x R69",9.477854353,56.25081828,2445.35195,213.1387675,"H"
"hisar",2,"B37 x R70",9.940159521,58.02983733,2873.875973,212.7145797,"H"
"hisar",2,"B37 x R83",8.500131819,56.07459206,1777.090443,203.8441524,"H"
"hisar",2,"B37 x R9",6.49324554,64.32014223,672.600266,134.3964114,"H"
"hisar",2,"B3 x R11",8.676885049,52.20811096,2401.720499,190.5548509,"H"
"hisar",2,"B3 x R110",8.987673894,48.49924501,2742.133747,213.5826248,"H"
"hisar",2,"B3 x R115",9.924954815,52.24216188,3685.917384,220.2961604,"H"
"hisar",2,"B3 x R151",11.35992177,51.30904949,3008.067405,196.3882569,"H"
"hisar",2,"B3 x R157",9.680861672,54.02916485,2749.279085,216.2943131,"H"
"hisar",2,"B3 x R167",12.59179471,58.23013493,3856.135041,230.5024942,"H"
"hisar",2,"B3 x R171",9.589595742,54.23780079,2729.597813,205.8657111,"H"
"hisar",2,"B3 x R177",9.243862912,51.39203409,2868.738912,204.8192654,"H"
"hisar",2,"B3 x R183",10.30903479,50.37368802,3010.182501,199.0568982,"H"
"hisar",2,"B3 x R187",7.934608064,50.71628476,2606.485605,212.0654424,"H"
"hisar",2,"B3 x R2",9.602390579,53.59889536,3057.877538,196.4431039,"H"
"hisar",2,"B3 x R21",7.585231847,55.30257159,2085.744637,167.5088465,"H"
"hisar",2,"B3 x R22",9.743519676,54.28225341,4115.535617,211.9325741,"H"
"hisar",2,"B3 x R3",8.512143183,54.7232077,2100.931708,157.7951825,"H"
"hisar",2,"B3 x R69",9.621659246,53.39807876,2453.917548,216.6263197,"H"
"hisar",2,"B3 x R70",10.69344032,56.81771264,3259.161905,201.6474808,"H"
"hisar",2,"B3 x R75",8.477102005,54.51485372,2532.922296,171.2485456,"H"
"hisar",2,"B3 x R80",10.279563,59.228812,1932.797427,218.0390267,"H"
"hisar",2,"B3 x R83",8.848610671,51.55735935,3102.921867,203.535443,"H"
"hisar",2,"B3 x R9",8.133498723,52.33077032,3716.699412,207.4482849,"H"
"hisar",2,"B64 x R11",9.828629135,50.2811098,2644.992765,211.3615625,"H"
"hisar",2,"B64 x R110",11.98129218,49.04604812,2398.515334,202.744296,"H"
"hisar",2,"B64 x R115",10.3974027,53.71178598,2740.666286,210.4836971,"H"
"hisar",2,"B64 x R151",11.92050557,50.43886225,2802.934911,184.5563209,"H"
"hisar",2,"B64 x R157",11.35164794,48.81503201,2917.637391,214.8556601,"H"
"hisar",2,"B64 x R167",15.4018229,59.44453686,3215.621663,206.8729989,"H"
"hisar",2,"B64 x R171",11.63274854,50.84958506,2992.416575,198.9895518,"H"
"hisar",2,"B64 x R177",9.729814043,51.8889011,3092.460559,200.3423508,"H"
"hisar",2,"B64 x R183",10.20035675,49.61203575,3360.473539,218.9201449,"H"
"hisar",2,"B64 x R187",9.670139718,51.93422221,2000.790449,204.4834079,"H"
"hisar",2,"B64 x R2",11.53901174,54.47168853,2811.55304,196.9608394,"H"
"hisar",2,"B64 x R21",8.310671557,51.75256509,2342.924309,201.6561799,"H"
"hisar",2,"B64 x R22",11.21268937,52.97991383,2916.434619,194.3921653,"H"
"hisar",2,"B64 x R3",10.33791472,51.27653048,2835.841327,190.1397896,"H"
"hisar",2,"B64 x R69",8.5536151,54.55506611,2352.169156,187.8430432,"H"
"hisar",2,"B64 x R70",11.25457235,54.97696569,2322.99306,198.2638541,"H"
"hisar",2,"B64 x R75",12.20439531,54.13721041,3126.733457,200.4252172,"H"
"hisar",2,"B64 x R80",9.008018946,57.40755507,1837.05544,193.1040227,"H"
"hisar",2,"B64 x R83",11.90344167,54.37202309,2468.372305,217.0686074,"H"
"hisar",2,"B64 x R9",9.083729923,50.67719743,2099.365576,201.1362617,"H"
"hisar",2,"B65 x R11",9.291589176,47.38951601,2974.280442,182.2664899,"H"
"hisar",2,"B65 x R110",10.32944016,47.34748275,2454.095268,188.0958794,"H"
"hisar",2,"B65 x R115",8.455487487,51.80906156,2560.906206,193.387714,"H"
"hisar",2,"B65 x R151",11.01298487,48.89112656,2989.851293,186.4475609,"H"
"hisar",2,"B65 x R157",11.15714092,50.750414,3182.492062,200.656196,"H"
"hisar",2,"B65 x R167",13.8059151,57.3722329,3356.289801,228.3677131,"H"
"hisar",2,"B65 x R171",11.29700566,50.93419454,3361.617431,202.5514485,"H"
"hisar",2,"B65 x R177",10.33063974,48.78177839,4101.076673,208.8270514,"H"
"hisar",2,"B65 x R183",11.88305091,47.9807807,3564.294892,198.4698314,"H"
"hisar",2,"B65 x R187",9.312554468,47.82010585,2872.65156,214.9854651,"H"
"hisar",2,"B65 x R2",11.36617733,52.62401132,2941.292429,202.127825,"H"
"hisar",2,"B65 x R21",8.780140088,50.77376394,3117.170063,187.9888009,"H"
"hisar",2,"B65 x R22",10.19961708,50.89516352,2966.407523,197.3880022,"H"
"hisar",2,"B65 x R3",10.4955672,48.04999022,3618.68485,200.802939,"H"
"hisar",2,"B65 x R69",9.36176501,52.58494916,2583.001391,173.9197049,"H"
"hisar",2,"B65 x R70",10.72483655,50.89052072,3731.963245,215.9531675,"H"
"hisar",2,"B65 x R75",11.39216334,54.42784609,2996.997199,196.1989326,"H"
"hisar",2,"B65 x R80",10.39081351,52.3241883,3556.398068,212.940368,"H"
"hisar",2,"B65 x R83",8.603130581,50.20898506,1876.038173,196.3563378,"H"
"hisar",2,"B65 x R9",8.332539618,50.76961891,4769.643931,209.5330643,"H"
"hisar",2,"B86 x R11",7.702697045,53.77508202,1441.981757,189.863827,"H"
"hisar",2,"B86 x R110",9.224812766,54.41819495,1842.186637,210.8617861,"H"
"hisar",2,"B86 x R115",9.689422574,55.88741587,2415.085648,190.5872045,"H"
"hisar",2,"B86 x R151",10.33681729,53.21208168,2316.115418,207.6378611,"H"
"hisar",2,"B86 x R157",10.50278172,55.92588455,1676.702877,205.3704708,"H"
"hisar",2,"B86 x R171",9.967691994,54.74698599,2440.349875,199.8052798,"H"
"hisar",2,"B86 x R177",10.36716887,54.41394102,1888.325596,201.7572487,"H"
"hisar",2,"B86 x R2",10.4955898,47.94031071,3879.406803,200.7548016,"H"
"hisar",2,"B86 x R21",8.466756577,53.40029995,1611.539573,154.6274044,"H"
"hisar",2,"B86 x R22",10.6731927,54.58002393,2273.956307,212.0698342,"H"
"hisar",2,"B86 x R3",9.72256866,58.05462861,1750.84312,157.958452,"H"
"hisar",2,"B86 x R70",10.3528443,56.41309185,1718.473812,196.906992,"H"
"hisar",2,"B86 x R75",9.97681568,58.19576889,2193.780186,160.4712443,"H"
"hisar",2,"B86 x R80",9.464771172,53.88078147,2266.733822,205.8133203,"H"
"hisar",2,"B86 x R83",10.69736024,57.44331724,1240.267526,202.0709488,"H"
"hisar",2,"B86 x R9",7.749691071,53.86519918,1900.337403,208.2251732,"H"
"hisar",2,"B96 x R11",9.395670437,46.37030009,3009.321061,211.3255223,"H"
"hisar",2,"B96 x R110",11.08102008,54.8279293,3680.166014,206.3114148,"H"
"hisar",2,"B96 x R115",10.23101133,55.6781999,2307.314483,200.801692,"H"
"hisar",2,"B96 x R151",12.22729242,49.80860769,2634.128156,189.4311205,"H"
"hisar",2,"B96 x R157",12.81188935,55.36782099,2915.764302,204.2830067,"H"
"hisar",2,"B96 x R167",14.957708,57.04472775,3626.096253,223.7721917,"H"
"hisar",2,"B96 x R171",10.60163426,55.28711942,2787.85173,203.217697,"H"
"hisar",2,"B96 x R177",13.50624892,53.23698463,2757.123445,197.9222002,"H"
"hisar",2,"B96 x R183",11.99443709,52.89377403,2083.464548,201.6823709,"H"
"hisar",2,"B96 x R187",10.39787685,49.7917654,2322.947411,205.0653984,"H"
"hisar",2,"B96 x R2",12.76661721,56.73712646,2785.936735,212.1148395,"H"
"hisar",2,"B96 x R21",8.14239374,52.50346171,2223.260861,177.7816124,"H"
"hisar",2,"B96 x R22",10.53578745,55.49161211,2753.13024,206.7528128,"H"
"hisar",2,"B96 x R3",10.18980304,55.20415655,2521.887114,162.0234447,"H"
"hisar",2,"B96 x R69",11.85477458,54.75055507,2894.599241,198.3616306,"H"
"hisar",2,"B96 x R70",11.5066693,50.83147612,2840.208532,218.7635405,"H"
"hisar",2,"B96 x R75",12.0512422,55.50404468,2343.939108,146.7826,"H"
"hisar",2,"B96 x R80",8.659290832,54.46589734,1226.590399,196.9322955,"H"
"hisar",2,"B96 x R83",10.78452916,57.69869347,1482.952274,192.1408274,"H"
"hisar",2,"B96 x R9",9.963517311,53.54735384,3493.86766,216.4682584,"H"
"ICRISAT",3,"B108 x R11",9.011734598,46.20488906,4036.430354,169.9283433,"H"
"ICRISAT",3,"B108 x R110",11.82106967,48.89003537,5082.659997,197.3130073,"H"
"ICRISAT",3,"B108 x R115",9.859023273,52.54263939,5276.974513,187.404403,"H"
"ICRISAT",3,"B108 x R151",12.69431527,48.93493427,5404.302855,211.7159808,"H"
"ICRISAT",3,"B108 x R157",10.60706031,51.0154003,5383.487718,211.4791496,"H"
"ICRISAT",3,"B108 x R167",12.16988502,53.89974714,5245.434055,229.3173995,"H"
"ICRISAT",3,"B108 x R171",11.76062306,53.16255519,4412.674457,220.0081652,"H"
"ICRISAT",3,"B108 x R177",9.26387025,50.73600809,5750.696997,206.3004775,"H"
"ICRISAT",3,"B108 x R183",12.0420148,49.79143101,4223.578534,203.0493413,"H"
"ICRISAT",3,"B108 x R187",10.35487728,52.04576544,2610.030106,207.3047877,"H"
"ICRISAT",3,"B108 x R2",10.82185694,49.41714064,4980.296648,185.9116302,"H"
"ICRISAT",3,"B108 x R21",6.353719908,50.55705399,3459.786487,152.4888267,"H"
"ICRISAT",3,"B108 x R3",12.49044647,49.07246476,3842.08359,151.3727405,"H"
"ICRISAT",3,"B108 x R69",10.93702558,52.93538523,5334.868034,218.7395297,"H"
"ICRISAT",3,"B108 x R70",9.20424334,52.59285544,5268.180771,210.6425243,"H"
"ICRISAT",3,"B108 x R75",10.91839099,50.76267915,3945.775983,166.6178137,"H"
"ICRISAT",3,"B108 x R80",12.58831192,51.60315693,2769.838766,200.9585658,"H"
"ICRISAT",3,"B108 x R9",13.06492685,46.23221204,4463.13882,187.0941652,"H"
"ICRISAT",3,"B110 x R11",11.13098644,46.79775711,4717.654936,176.6628954,"H"
"ICRISAT",3,"B110 x R110",13.01980383,52.42523384,6372.729443,227.0944902,"H"
"ICRISAT",3,"B110 x R115",11.29679069,57.439988,5711.395421,227.640059,"H"
"ICRISAT",3,"B110 x R151",14.97798554,48.40990862,3527.963567,212.0585189,"H"
"ICRISAT",3,"B110 x R157",14.20594751,51.77984856,5730.174624,228.4181363,"H"
"ICRISAT",3,"B110 x R167",13.16574274,60.52093329,6149.281354,254.0877109,"H"
"ICRISAT",3,"B110 x R171",12.68630438,55.94826368,5878.560904,230.8040544,"H"
"ICRISAT",3,"B110 x R177",11.49299144,47.47961607,3256.671442,194.4678395,"H"
"ICRISAT",3,"B110 x R2",13.2665577,54.26192325,5501.222237,217.9249255,"H"
"ICRISAT",3,"B110 x R21",8.694354552,52.51227289,4357.511181,178.1516476,"H"
"ICRISAT",3,"B110 x R22",12.64100928,54.39987284,4997.168659,226.362027,"H"
"ICRISAT",3,"B110 x R3",11.36097895,52.71302366,4034.069151,155.2655151,"H"
"ICRISAT",3,"B110 x R69",13.06253841,57.58505936,5764.192425,242.5393461,"H"
"ICRISAT",3,"B110 x R70",10.6363909,58.26053302,5807.613359,232.3837101,"H"
"ICRISAT",3,"B110 x R80",17.43593531,54.56361151,3016.321327,228.3221035,"H"
"ICRISAT",3,"B110 x R83",9.23867191,49.96544761,4374.567818,188.1761572,"H"
"ICRISAT",3,"B110 x R9",9.199881386,52.54785911,5979.663867,195.891082,"H"
"ICRISAT",3,"B130 x R11",11.68168834,46.19644611,3942.967729,166.7232214,"H"
"ICRISAT",3,"B130 x R110",12.81575367,50.77721292,5163.891862,191.44183,"H"
"ICRISAT",3,"B130 x R115",11.11393156,48.46010787,5694.117838,194.7189138,"H"
"ICRISAT",3,"B130 x R151",14.75280669,46.31074903,4846.357582,178.927477,"H"
"ICRISAT",3,"B130 x R157",13.58268697,48.46915495,5213.097837,198.9150962,"H"
"ICRISAT",3,"B130 x R167",12.27638534,59.46101611,7458.861688,231.6463978,"H"
"ICRISAT",3,"B130 x R171",10.72142409,49.17990948,4873.081653,210.8154629,"H"
"ICRISAT",3,"B130 x R177",10.31821733,48.90007893,5179.608536,184.4563523,"H"
"ICRISAT",3,"B130 x R183",14.56927401,48.33035635,4177.313623,196.0102146,"H"
"ICRISAT",3,"B130 x R187",12.45589919,47.72930861,4201.055958,199.2005503,"H"
"ICRISAT",3,"B130 x R2",10.12944471,52.67828454,4219.971345,198.2897222,"H"
"ICRISAT",3,"B130 x R21",8.925284859,49.24919484,3359.224315,147.4905792,"H"
"ICRISAT",3,"B130 x R22",11.55755874,50.65559897,5572.940289,202.8298597,"H"
"ICRISAT",3,"B130 x R3",9.83754466,52.49987771,4009.298718,155.2712169,"H"
"ICRISAT",3,"B130 x R69",11.882296,55.72708564,5390.045404,223.5018947,"H"
"ICRISAT",3,"B130 x R70",11.37684951,53.54686907,5232.625521,208.4022025,"H"
"ICRISAT",3,"B130 x R75",10.07821516,52.65635376,3449.412695,154.6537586,"H"
"ICRISAT",3,"B130 x R80",10.65176983,50.72070443,4709.307555,198.6516914,"H"
"ICRISAT",3,"B130 x R83",11.05692085,53.0745666,4888.449538,193.1419154,"H"
"ICRISAT",3,"B130 x R9",11.22649334,47.81354286,3957.315182,185.1535484,"H"
"ICRISAT",3,"B159 x R11",11.86232005,40.85882487,3384.147537,138.9833348,"H"
"ICRISAT",3,"B159 x R110",14.7378634,49.28759432,4399.082985,172.4576391,"H"
"ICRISAT",3,"B159 x R115",13.34796148,47.10881513,5351.598592,187.713766,"H"
"ICRISAT",3,"B159 x R151",14.21153097,48.15175896,3291.757132,168.8221998,"H"
"ICRISAT",3,"B159 x R157",15.7972049,48.60657626,2939.55052,171.7844672,"H"
"ICRISAT",3,"B159 x R167",11.36174871,59.63018042,6568.534347,235.2388408,"H"
"ICRISAT",3,"B159 x R171",14.63532239,47.64279119,4792.241892,183.7655277,"H"
"ICRISAT",3,"B159 x R177",11.46762885,46.61984998,5226.373793,190.6324656,"H"
"ICRISAT",3,"B159 x R183",14.59190553,48.85504545,4916.775345,161.6875097,"H"
"ICRISAT",3,"B159 x R187",13.19774059,47.10297683,4081.781346,208.1591648,"H"
"ICRISAT",3,"B159 x R2",15.63308355,51.90135591,5589.829239,209.8121238,"H"
"ICRISAT",3,"B159 x R21",10.81984676,47.1138596,5091.476036,178.0925941,"H"
"ICRISAT",3,"B159 x R22",13.90528346,48.4009051,5817.126414,182.8287367,"H"
"ICRISAT",3,"B159 x R3",14.75017227,46.11472671,4461.520247,187.6614408,"H"
"ICRISAT",3,"B159 x R69",14.93854182,54.45646785,4525.343494,189.8915451,"H"
"ICRISAT",3,"B159 x R70",11.8154579,52.58405059,5837.364936,190.7940714,"H"
"ICRISAT",3,"B159 x R75",15.77046455,50.95710508,5404.436054,191.2236918,"H"
"ICRISAT",3,"B159 x R80",15.53426542,47.45851933,3295.112604,193.7377132,"H"
"ICRISAT",3,"B159 x R83",14.40615348,48.9293701,5221.431779,175.6656312,"H"
"ICRISAT",3,"B159 x R9",10.58096914,46.97105151,5653.647173,163.3733354,"H"
"ICRISAT",3,"B169 x R11",10.71360501,39.50533128,3818.84278,144.7159163,"H"
"ICRISAT",3,"B169 x R110",14.20202183,50.64169441,4282.101484,187.4517937,"H"
"ICRISAT",3,"B169 x R115",11.99419315,47.92057863,4467.602813,176.8284409,"H"
"ICRISAT",3,"B169 x R151",13.17774223,45.07716882,4112.534583,179.551168,"H"
"ICRISAT",3,"B169 x R157",13.79516096,46.94366535,4436.564503,183.4133967,"H"
"ICRISAT",3,"B169 x R171",12.47688703,46.34754711,5172.987363,195.3284741,"H"
"ICRISAT",3,"B169 x R177",11.23003771,45.48706405,4803.59643,184.8112409,"H"
"ICRISAT",3,"B169 x R183",12.28126706,42.63375862,3860.511186,152.4595961,"H"
"ICRISAT",3,"B169 x R187",13.00278792,47.15543838,4437.89327,177.9803931,"H"
"ICRISAT",3,"B169 x R2",13.14275525,49.81679942,5019.713696,188.2092685,"H"
"ICRISAT",3,"B169 x R21",9.435666814,46.75759149,5317.093341,189.4480351,"H"
"ICRISAT",3,"B169 x R3",13.61455986,49.49969206,5352.338832,208.2641317,"H"
"ICRISAT",3,"B169 x R69",11.96919795,52.6154534,5727.067115,214.4309408,"H"
"ICRISAT",3,"B169 x R70",12.96716081,54.29714089,3714.428255,206.4668282,"H"
"ICRISAT",3,"B169 x R83",12.17852766,51.57662471,5714.013326,195.281004,"H"
"ICRISAT",3,"B169 x R9",8.638046797,46.15141225,4041.673071,165.3939828,"H"
"ICRISAT",3,"B191 x R110",14.55301397,50.80041684,4659.919375,186.0980396,"H"
"ICRISAT",3,"B191 x R115",11.80148781,52.58249266,5826.647042,204.2620575,"H"
"ICRISAT",3,"B191 x R151",15.69883545,48.39687606,4482.386726,198.6439783,"H"
"ICRISAT",3,"B191 x R167",14.36410836,58.88174992,6254.500526,217.2863007,"H"
"ICRISAT",3,"B191 x R171",13.39822439,53.04070013,5191.911999,230.4006577,"H"
"ICRISAT",3,"B191 x R183",13.96686789,50.53145778,4903.753117,205.0509333,"H"
"ICRISAT",3,"B191 x R2",15.02008742,57.64861747,1033.951972,202.5766783,"H"
"ICRISAT",3,"B191 x R21",13.32674388,52.59299536,4189.759148,205.0018365,"H"
"ICRISAT",3,"B191 x R22",12.52474259,51.36566607,5769.849595,192.232599,"H"
"ICRISAT",3,"B191 x R3",13.13222214,52.53536083,2673.837362,147.4233069,"H"
"ICRISAT",3,"B191 x R69",14.90196635,53.88584118,6323.407225,221.3697705,"H"
"ICRISAT",3,"B191 x R70",13.43646937,52.7866894,4963.75521,207.5027433,"H"
"ICRISAT",3,"B191 x R75",12.79842733,50.95825726,3404.318893,143.3747823,"H"
"ICRISAT",3,"B191 x R80",13.4929278,50.13113588,3888.7715,214.5355979,"H"
"ICRISAT",3,"B191 x R9",10.77866604,49.21731487,4852.280621,185.897969,"H"
"ICRISAT",3,"B24 x R11",9.890735607,39.80639941,3411.163457,138.0978225,"H"
"ICRISAT",3,"B24 x R110",12.74734902,42.73122257,4017.794182,157.048218,"H"
"ICRISAT",3,"B24 x R115",10.42637285,45.85016576,4544.04548,163.0073608,"H"
"ICRISAT",3,"B24 x R151",13.72995133,41.93294518,4080.454651,152.7855225,"H"
"ICRISAT",3,"B24 x R157",10.62827889,46.02209629,4241.14863,172.832269,"H"
"ICRISAT",3,"B24 x R167",13.52761209,52.65683759,5143.16392,203.528719,"H"
"ICRISAT",3,"B24 x R171",12.13709241,45.9801648,4376.275082,184.7726474,"H"
"ICRISAT",3,"B24 x R177",10.82831984,44.45728729,3286.632754,148.9449643,"H"
"ICRISAT",3,"B24 x R183",12.03356133,43.9507037,3538.172816,144.2891506,"H"
"ICRISAT",3,"B24 x R187",11.89915358,46.19370711,3837.696497,165.2110941,"H"
"ICRISAT",3,"B24 x R2",12.71122702,46.84602689,4419.709902,165.1379719,"H"
"ICRISAT",3,"B24 x R21",8.054887215,43.55979275,2859.854566,122.1046334,"H"
"ICRISAT",3,"B24 x R22",11.04515175,46.1303704,4722.12782,171.7953293,"H"
"ICRISAT",3,"B24 x R3",11.77300487,46.15403443,2960.904308,132.6381625,"H"
"ICRISAT",3,"B24 x R69",12.66996132,48.46444005,4791.95656,182.7932619,"H"
"ICRISAT",3,"B24 x R70",9.273615782,47.69927301,4017.992552,167.6462553,"H"
"ICRISAT",3,"B24 x R75",9.950002727,46.69866414,3685.305692,130.8876,"H"
"ICRISAT",3,"B24 x R80",12.52069191,46.67988811,3401.109124,163.151215,"H"
"ICRISAT",3,"B24 x R83",11.68871181,47.22811882,4490.226746,158.2871769,"H"
"ICRISAT",3,"B24 x R9",9.26279349,45.25277387,3790.594911,149.3298874,"H"
"ICRISAT",3,"B37 x R115",10.04340918,51.1265705,4825.261151,201.1232685,"H"
"ICRISAT",3,"B37 x R167",11.63777284,55.49167095,6090.362709,240.6290731,"H"
"ICRISAT",3,"B37 x R171",11.53917772,50.48965488,5207.204085,216.8458472,"H"
"ICRISAT",3,"B37 x R177",8.874048454,50.16345496,4584.013484,198.718386,"H"
"ICRISAT",3,"B37 x R183",12.46595487,50.94926657,3640.320232,177.780714,"H"
"ICRISAT",3,"B37 x R187",9.918935296,46.19365447,4265.127366,181.1895182,"H"
"ICRISAT",3,"B37 x R2",10.51815118,48.892891,5842.784805,195.6207904,"H"
"ICRISAT",3,"B37 x R21",7.810764341,50.95932828,3614.933491,155.4569396,"H"
"ICRISAT",3,"B37 x R22",10.59570901,48.20820315,4451.617554,185.6196701,"H"
"ICRISAT",3,"B37 x R3",9.430231453,52.56338564,3804.466904,170.0046924,"H"
"ICRISAT",3,"B37 x R69",11.17607177,52.78603179,5612.755862,215.7296894,"H"
"ICRISAT",3,"B37 x R70",10.0528044,53.45023921,4384.117389,195.415385,"H"
"ICRISAT",3,"B37 x R83",10.34962265,52.15253863,4878.1292,188.9278931,"H"
"ICRISAT",3,"B37 x R9",8.395419198,49.3423725,4014.197448,168.9732343,"H"
"ICRISAT",3,"B3 x R11",10.40636163,45.76485529,3612.96231,155.4852243,"H"
"ICRISAT",3,"B3 x R110",11.54262347,46.41647841,4485.064316,168.2123867,"H"
"ICRISAT",3,"B3 x R115",10.67281939,47.43223231,4524.114984,179.6243668,"H"
"ICRISAT",3,"B3 x R151",13.06270824,46.4815007,4876.513135,175.1023558,"H"
"ICRISAT",3,"B3 x R157",10.9064569,46.45214798,4553.254872,186.8881789,"H"
"ICRISAT",3,"B3 x R167",11.97515136,55.25300923,6091.526499,224.8596772,"H"
"ICRISAT",3,"B3 x R171",10.42051494,45.74830368,4834.86719,189.5680918,"H"
"ICRISAT",3,"B3 x R177",11.20660459,46.14619551,4208.077624,172.3712856,"H"
"ICRISAT",3,"B3 x R183",11.20644943,46.09224275,4229.614214,164.9500282,"H"
"ICRISAT",3,"B3 x R187",11.15512654,46.02347682,3556.287275,167.6314592,"H"
"ICRISAT",3,"B3 x R2",11.84533316,48.55742259,5005.822475,186.2080806,"H"
"ICRISAT",3,"B3 x R21",7.447313364,45.89231105,3674.644437,142.6575542,"H"
"ICRISAT",3,"B3 x R22",10.65403816,46.98032302,4817.574019,187.8364983,"H"
"ICRISAT",3,"B3 x R3",11.04353154,47.64718197,3782.468036,147.5174136,"H"
"ICRISAT",3,"B3 x R69",11.152921,49.82050991,4962.246196,206.895087,"H"
"ICRISAT",3,"B3 x R70",9.765441117,49.12935793,4691.387499,185.6463558,"H"
"ICRISAT",3,"B3 x R75",10.57603083,50.02199629,3717.335035,156.5195084,"H"
"ICRISAT",3,"B3 x R80",12.81797271,48.0425205,4102.496082,183.0238664,"H"
"ICRISAT",3,"B3 x R83",10.60633221,47.27466205,5145.494181,188.5780843,"H"
"ICRISAT",3,"B3 x R9",8.935350664,49.82907274,4690.726811,170.1771195,"H"
"ICRISAT",3,"B64 x R11",11.07792926,38.88705266,3152.517074,162.3194918,"H"
"ICRISAT",3,"B64 x R110",14.03728502,45.86235871,4390.900509,172.9360717,"H"
"ICRISAT",3,"B64 x R115",11.53674563,45.67440849,4820.901793,181.2005049,"H"
"ICRISAT",3,"B64 x R151",14.62997911,42.95181915,4132.309345,153.602808,"H"
"ICRISAT",3,"B64 x R157",14.42739222,45.99479922,4658.221607,175.1697156,"H"
"ICRISAT",3,"B64 x R167",13.97818895,54.09796838,2487.652773,227.2198384,"H"
"ICRISAT",3,"B64 x R171",13.6644855,46.17439438,4951.104797,186.8490302,"H"
"ICRISAT",3,"B64 x R177",11.82719479,46.22126314,4696.833078,169.2173456,"H"
"ICRISAT",3,"B64 x R183",12.85201715,40.20940403,4442.92164,149.4274331,"H"
"ICRISAT",3,"B64 x R187",13.6922486,46.15852864,3905.055173,180.4978307,"H"
"ICRISAT",3,"B64 x R2",13.54546028,47.62556704,4332.166138,185.2846874,"H"
"ICRISAT",3,"B64 x R21",9.738984342,46.32241982,3865.664727,169.2796269,"H"
"ICRISAT",3,"B64 x R22",11.76271074,46.00144631,4063.201397,172.205603,"H"
"ICRISAT",3,"B64 x R3",13.83526392,47.49237046,4246.086472,206.8217414,"H"
"ICRISAT",3,"B64 x R69",12.54109004,49.35586365,4406.990339,193.01965,"H"
"ICRISAT",3,"B64 x R70",11.83271241,48.08564109,3826.270964,183.902017,"H"
"ICRISAT",3,"B64 x R75",14.12124471,48.35548531,4383.01914,201.2244384,"H"
"ICRISAT",3,"B64 x R80",11.52251605,45.96376315,4603.715615,180.099315,"H"
"ICRISAT",3,"B64 x R83",12.39231442,46.13225196,4973.286412,180.5055175,"H"
"ICRISAT",3,"B64 x R9",10.91006693,47.28921014,4374.463656,173.1126705,"H"
"ICRISAT",3,"B65 x R11",10.59185684,38.49189892,2800.823228,134.9368146,"H"
"ICRISAT",3,"B65 x R110",12.84664537,40.88361462,4300.18633,170.4452049,"H"
"ICRISAT",3,"B65 x R115",11.51391068,41.85793755,4480.935051,172.1098849,"H"
"ICRISAT",3,"B65 x R151",14.71342806,40.75258034,3477.586819,145.3791466,"H"
"ICRISAT",3,"B65 x R157",12.86610086,40.59680293,3670.141167,164.6580334,"H"
"ICRISAT",3,"B65 x R167",15.26932846,54.38915777,6522.473999,234.9713605,"H"
"ICRISAT",3,"B65 x R171",13.58716696,45.78900297,3410.944625,179.8279803,"H"
"ICRISAT",3,"B65 x R177",11.86985116,41.63743798,4003.753496,162.8584516,"H"
"ICRISAT",3,"B65 x R183",10.37256515,38.23221162,3041.996824,138.5985143,"H"
"ICRISAT",3,"B65 x R187",13.01414747,41.00435106,4192.340282,158.7006869,"H"
"ICRISAT",3,"B65 x R2",12.68724175,44.98821593,4579.388558,174.9930464,"H"
"ICRISAT",3,"B65 x R21",9.861051808,43.67818943,4282.929371,158.1342007,"H"
"ICRISAT",3,"B65 x R22",11.15076582,43.29354906,4663.586176,180.7583871,"H"
"ICRISAT",3,"B65 x R3",14.29201299,46.43652149,3546.576009,177.7842091,"H"
"ICRISAT",3,"B65 x R69",12.31014335,46.74039038,5056.878176,174.4866153,"H"
"ICRISAT",3,"B65 x R70",13.5238227,48.05979227,4081.402992,183.509545,"H"
"ICRISAT",3,"B65 x R75",13.22854632,45.35273443,4002.81126,167.8480533,"H"
"ICRISAT",3,"B65 x R80",12.32076586,47.15212714,4818.05722,194.7425993,"H"
"ICRISAT",3,"B65 x R83",12.17833097,45.35813687,4352.379185,160.4858209,"H"
"ICRISAT",3,"B65 x R9",9.272094368,41.17515091,3296.690638,145.2178628,"H"
"ICRISAT",3,"B86 x R11",11.03318857,40.56766743,3996.735545,156.0749018,"H"
"ICRISAT",3,"B86 x R110",12.43368574,46.65777756,4591.355037,190.5129076,"H"
"ICRISAT",3,"B86 x R115",14.73929095,50.29963671,4255.46521,197.9562447,"H"
"ICRISAT",3,"B86 x R151",15.67607374,46.9228196,4629.009089,195.0668488,"H"
"ICRISAT",3,"B86 x R157",14.47560359,47.59376549,4981.79227,207.061613,"H"
"ICRISAT",3,"B86 x R171",12.86837572,51.95013376,3908.568506,217.8590889,"H"
"ICRISAT",3,"B86 x R177",12.39456403,46.40255074,4508.175722,188.3788268,"H"
"ICRISAT",3,"B86 x R2",12.12743824,51.39937736,4933.252471,218.7324366,"H"
"ICRISAT",3,"B86 x R21",11.60306492,47.49035876,3878.087323,159.8287788,"H"
"ICRISAT",3,"B86 x R22",13.26232817,51.92750728,4530.48959,204.0846194,"H"
"ICRISAT",3,"B86 x R3",12.41276899,49.576033,3817.643916,160.9901822,"H"
"ICRISAT",3,"B86 x R70",13.12631641,53.20800959,4647.466648,221.0507465,"H"
"ICRISAT",3,"B86 x R75",12.16191641,52.46793944,4178.276108,161.6103288,"H"
"ICRISAT",3,"B86 x R80",15.22727724,49.39732597,2705.675347,207.2550112,"H"
"ICRISAT",3,"B86 x R83",12.03793338,52.85225349,5253.798538,212.190847,"H"
"ICRISAT",3,"B86 x R9",10.54783536,49.24077728,3433.724287,180.4712698,"H"
"ICRISAT",3,"B96 x R11",12.687958,38.52009071,3842.948661,157.8672898,"H"
"ICRISAT",3,"B96 x R110",15.7185781,48.52754187,4715.333658,185.0840353,"H"
"ICRISAT",3,"B96 x R115",13.24978843,46.02766469,5503.85596,185.6450144,"H"
"ICRISAT",3,"B96 x R151",14.69740431,45.73510123,4469.153113,169.7191695,"H"
"ICRISAT",3,"B96 x R157",15.73345077,48.62933299,4294.668246,179.3106117,"H"
"ICRISAT",3,"B96 x R167",16.71507026,54.1179803,5373.361911,232.3981433,"H"
"ICRISAT",3,"B96 x R171",13.26628312,49.67871032,4270.653204,210.2383248,"H"
"ICRISAT",3,"B96 x R177",17.26116887,48.34777987,5248.442038,175.0993723,"H"
"ICRISAT",3,"B96 x R183",14.82700796,45.24505653,4035.346332,180.8507138,"H"
"ICRISAT",3,"B96 x R187",13.32956399,47.30473063,4254.152986,191.5527913,"H"
"ICRISAT",3,"B96 x R2",15.08264367,49.85575692,5247.45604,200.4536061,"H"
"ICRISAT",3,"B96 x R21",9.888321034,46.26127891,3402.582868,150.0248824,"H"
"ICRISAT",3,"B96 x R22",14.20532981,47.95528219,5184.255374,205.5685966,"H"
"ICRISAT",3,"B96 x R3",14.82689785,46.44439556,2905.023126,151.9643211,"H"
"ICRISAT",3,"B96 x R69",14.97863479,50.76057341,4968.294825,215.8237698,"H"
"ICRISAT",3,"B96 x R70",14.4792703,52.6682994,5276.469391,207.2015507,"H"
"ICRISAT",3,"B96 x R75",13.92944649,47.60922509,3964.329243,149.0541637,"H"
"ICRISAT",3,"B96 x R80",14.4274616,45.70250834,4344.594961,198.9199694,"H"
"ICRISAT",3,"B96 x R83",14.00095406,51.92360953,5032.033391,203.8105067,"H"
"ICRISAT",3,"B96 x R9",11.80341796,45.88392576,4817.585377,173.503084,"H"
"jamnagar",4,"B108 x R11",11.38571307,45.53906969,3761.600444,191.5376971,"H"
"jamnagar",4,"B108 x R110",10.34564593,48.63648436,2877.595768,197.9779568,"H"
"jamnagar",4,"B108 x R115",9.652494068,47.86611481,2539.901534,189.9720924,"H"
"jamnagar",4,"B108 x R151",12.24527919,45.39977772,2712.114068,196.3978024,"H"
"jamnagar",4,"B108 x R157",10.94029782,49.01631495,3180.88177,211.0082696,"H"
"jamnagar",4,"B108 x R167",11.28305573,48.8781141,4618.543885,214.1472288,"H"
"jamnagar",4,"B108 x R171",10.03591153,48.91364755,2455.33619,205.3340982,"H"
"jamnagar",4,"B108 x R177",10.3441609,48.93209522,2742.36952,200.9530006,"H"
"jamnagar",4,"B108 x R183",10.70002726,47.21833646,2897.471744,200.0945218,"H"
"jamnagar",4,"B108 x R187",9.431776584,48.35917092,2734.939331,199.7839727,"H"
"jamnagar",4,"B108 x R2",11.1591929,48.45187194,3673.332608,204.6909199,"H"
"jamnagar",4,"B108 x R21",9.307675287,47.42193906,3336.966217,158.7488008,"H"
"jamnagar",4,"B108 x R3",9.964559127,47.32419518,2159.508171,166.0732905,"H"
"jamnagar",4,"B108 x R69",10.73752098,49.34711431,4013.35278,215.8893261,"H"
"jamnagar",4,"B108 x R70",8.506673358,49.49796033,2972.555783,200.2798208,"H"
"jamnagar",4,"B108 x R75",9.962860284,49.17051072,3838.201278,171.4320413,"H"
"jamnagar",4,"B108 x R80",11.89182633,48.50236791,1749.285395,184.2309031,"H"
"jamnagar",4,"B108 x R9",10.08908284,44.34272567,4118.320857,192.7355447,"H"
"jamnagar",4,"B110 x R11",9.286297606,48.78714272,3408.16488,200.7177204,"H"
"jamnagar",4,"B110 x R110",12.14817588,49.04862131,3247.153856,212.3594141,"H"
"jamnagar",4,"B110 x R115",10.79237518,50.12165988,3029.384055,222.4213479,"H"
"jamnagar",4,"B110 x R151",9.750369057,47.79600893,2996.632792,191.4212564,"H"
"jamnagar",4,"B110 x R157",11.81950468,48.65243127,3604.205346,219.4751726,"H"
"jamnagar",4,"B110 x R167",13.00615226,50.20762021,3867.559951,223.4605862,"H"
"jamnagar",4,"B110 x R171",9.574307414,49.15561499,4206.564206,214.1504172,"H"
"jamnagar",4,"B110 x R177",9.004638494,47.8004047,2401.67932,195.2845831,"H"
"jamnagar",4,"B110 x R2",10.74950955,49.77182101,3395.437055,205.4698844,"H"
"jamnagar",4,"B110 x R21",12.96751228,49.37011597,3433.0713,169.7303565,"H"
"jamnagar",4,"B110 x R22",10.55350493,49.72043355,2998.007257,224.1427017,"H"
"jamnagar",4,"B110 x R3",10.85867511,49.98587377,2307.756212,155.1584008,"H"
"jamnagar",4,"B110 x R69",10.07101978,49.3506715,3652.088292,214.3700077,"H"
"jamnagar",4,"B110 x R70",10.79210002,50.69326078,4437.739163,219.3576628,"H"
"jamnagar",4,"B110 x R80",11.52326899,49.30298689,1881.327319,215.689401,"H"
"jamnagar",4,"B110 x R83",9.865807932,46.94336849,3820.210163,202.1479477,"H"
"jamnagar",4,"B110 x R9",10.79314664,47.15656409,4037.641621,203.3339814,"H"
"jamnagar",4,"B130 x R11",11.56700541,46.2380646,3494.589488,197.46816,"H"
"jamnagar",4,"B130 x R110",11.61397824,48.87060337,3790.699425,196.3453614,"H"
"jamnagar",4,"B130 x R115",10.16249975,47.89473107,3402.661764,194.4512408,"H"
"jamnagar",4,"B130 x R151",12.69691656,46.19652488,2396.828923,184.1204422,"H"
"jamnagar",4,"B130 x R157",10.86542776,47.91842821,3718.831275,226.7292707,"H"
"jamnagar",4,"B130 x R167",12.87645216,50.20410402,4414.080599,208.1137452,"H"
"jamnagar",4,"B130 x R171",9.898396715,47.91202368,3314.547245,199.9337359,"H"
"jamnagar",4,"B130 x R177",9.97563265,45.66777166,2777.288782,196.5029157,"H"
"jamnagar",4,"B130 x R183",11.07758765,47.24809162,3131.216953,189.6503574,"H"
"jamnagar",4,"B130 x R187",10.63661121,47.55143702,3260.164887,192.85911,"H"
"jamnagar",4,"B130 x R2",11.40385299,49.79061633,3703.334203,214.9906138,"H"
"jamnagar",4,"B130 x R21",10.89476929,50.0707945,2236.755206,162.6574428,"H"
"jamnagar",4,"B130 x R22",10.06516321,49.74646703,2600.108749,194.186741,"H"
"jamnagar",4,"B130 x R3",10.02492477,49.71084319,3153.559274,174.5801661,"H"
"jamnagar",4,"B130 x R69",11.40655504,49.43970952,3701.627916,206.6614367,"H"
"jamnagar",4,"B130 x R70",11.22637043,49.1460393,3808.989313,198.8318915,"H"
"jamnagar",4,"B130 x R75",11.47349509,51.93728675,2999.342696,156.620126,"H"
"jamnagar",4,"B130 x R80",10.23061879,48.7100306,2811.700666,195.4847507,"H"
"jamnagar",4,"B130 x R83",10.45059879,49.21614518,3050.175721,201.6462278,"H"
"jamnagar",4,"B130 x R9",10.52694403,46.63789148,3846.5612,194.8848641,"H"
"jamnagar",4,"B159 x R11",10.17799515,42.77613306,3690.366951,188.102558,"H"
"jamnagar",4,"B159 x R110",11.74699738,47.57256617,2942.736617,176.4703468,"H"
"jamnagar",4,"B159 x R115",10.84460595,44.85975882,3705.947642,194.0104048,"H"
"jamnagar",4,"B159 x R151",11.56086089,44.8246132,2645.520484,180.9630739,"H"
"jamnagar",4,"B159 x R157",12.28380466,47.95846074,2979.388429,185.5441196,"H"
"jamnagar",4,"B159 x R167",11.70334939,49.46413622,3886.796884,205.214303,"H"
"jamnagar",4,"B159 x R171",9.570399777,46.69129172,4264.455397,196.3822168,"H"
"jamnagar",4,"B159 x R177",9.669791512,44.93267319,3717.436533,194.1236911,"H"
"jamnagar",4,"B159 x R183",11.96874918,45.77938414,4394.357033,179.0301292,"H"
"jamnagar",4,"B159 x R187",12.09947212,45.10376965,3335.826262,197.1874611,"H"
"jamnagar",4,"B159 x R2",12.0888809,48.07121731,3313.242986,194.0670748,"H"
"jamnagar",4,"B159 x R21",9.826835826,47.42095359,3284.955532,180.4641474,"H"
"jamnagar",4,"B159 x R22",10.41775137,48.85499024,3858.529535,207.3242491,"H"
"jamnagar",4,"B159 x R3",12.30606601,45.49700297,2849.988086,189.2746625,"H"
"jamnagar",4,"B159 x R69",12.04281845,49.10740231,3573.408736,189.0424397,"H"
"jamnagar",4,"B159 x R70",11.59241389,48.21822043,4701.263862,184.7617789,"H"
"jamnagar",4,"B159 x R75",12.53835071,49.06971678,3360.041691,202.5017712,"H"
"jamnagar",4,"B159 x R80",13.5011337,44.5582359,3251.288026,196.1036774,"H"
"jamnagar",4,"B159 x R83",10.42849742,46.02565918,3499.605036,188.2181308,"H"
"jamnagar",4,"B159 x R9",10.26621786,46.02029255,3006.67255,176.7537675,"H"
"jamnagar",4,"B169 x R11",9.417852772,45.31187721,3815.990529,174.8440049,"H"
"jamnagar",4,"B169 x R110",11.27156636,47.85556087,4046.384082,191.7643697,"H"
"jamnagar",4,"B169 x R115",9.443356773,47.68990419,3290.176087,193.7484265,"H"
"jamnagar",4,"B169 x R151",10.95102303,46.83391512,3481.698616,192.4074781,"H"
"jamnagar",4,"B169 x R157",10.50826573,46.59935352,2705.152498,199.0610159,"H"
"jamnagar",4,"B169 x R171",10.01281022,47.84245316,4025.710271,205.1657939,"H"
"jamnagar",4,"B169 x R177",8.921827551,43.93059171,3537.292185,185.4292531,"H"
"jamnagar",4,"B169 x R183",11.22253117,43.9108286,3470.602838,178.4367035,"H"
"jamnagar",4,"B169 x R187",10.55265314,45.86158843,3482.64946,199.4175838,"H"
"jamnagar",4,"B169 x R2",12.30273617,48.24479931,3727.417251,192.4578126,"H"
"jamnagar",4,"B169 x R21",9.396023188,46.8205574,3822.31135,200.88022,"H"
"jamnagar",4,"B169 x R3",12.87498261,48.65974685,3487.564299,205.3864967,"H"
"jamnagar",4,"B169 x R69",10.84886492,48.91399912,3282.889471,192.594591,"H"
"jamnagar",4,"B169 x R70",11.99899232,51.66011991,3019.082566,201.5720474,"H"
"jamnagar",4,"B169 x R83",10.38004559,49.07609308,3851.599922,201.2726455,"H"
"jamnagar",4,"B169 x R9",8.96779611,45.80224897,3524.013429,189.2406695,"H"
"jamnagar",4,"B191 x R110",11.87667175,46.86381728,4585.173634,190.7428253,"H"
"jamnagar",4,"B191 x R115",9.775326245,49.81556047,3078.089035,204.4229108,"H"
"jamnagar",4,"B191 x R151",12.15643252,47.51763773,2129.445576,170.5067865,"H"
"jamnagar",4,"B191 x R167",11.66201956,49.87653829,3002.691775,199.0728763,"H"
"jamnagar",4,"B191 x R171",10.66139978,49.63511427,2243.118693,198.3179251,"H"
"jamnagar",4,"B191 x R183",9.877027152,46.53091462,3350.013438,208.5184678,"H"
"jamnagar",4,"B191 x R2",9.919328311,49.00574725,4075.517447,202.3383083,"H"
"jamnagar",4,"B191 x R21",10.01298032,49.65314982,3154.635834,196.7704928,"H"
"jamnagar",4,"B191 x R22",10.36771774,49.27964586,3434.842494,205.3829033,"H"
"jamnagar",4,"B191 x R3",9.936101183,51.45995418,1644.387371,140.6885308,"H"
"jamnagar",4,"B191 x R69",11.33292196,48.95707724,3387.235949,191.9555726,"H"
"jamnagar",4,"B191 x R70",10.26454168,48.73521239,3545.260908,199.3338231,"H"
"jamnagar",4,"B191 x R75",9.782005969,49.74661998,2775.898745,146.9092652,"H"
"jamnagar",4,"B191 x R80",9.935182047,48.42945064,2570.179726,201.1410868,"H"
"jamnagar",4,"B191 x R9",10.6459434,45.42169093,3106.637852,182.83146,"H"
"jamnagar",4,"B24 x R11",9.838659799,43.13723007,3226.923253,172.3038917,"H"
"jamnagar",4,"B24 x R110",12.38193559,43.09859326,4026.136406,184.9854433,"H"
"jamnagar",4,"B24 x R115",9.570906907,44.91015694,3734.560824,187.319206,"H"
"jamnagar",4,"B24 x R151",12.23467037,42.46516803,3273.801427,183.1450976,"H"
"jamnagar",4,"B24 x R157",11.31455086,44.34460671,3541.979692,193.2684145,"H"
"jamnagar",4,"B24 x R167",10.86284744,45.67802728,3408.186054,191.7890797,"H"
"jamnagar",4,"B24 x R171",10.01927268,45.23048806,3718.991541,182.560509,"H"
"jamnagar",4,"B24 x R177",9.409336909,43.90502508,3483.990638,170.3052388,"H"
"jamnagar",4,"B24 x R183",10.42749135,43.35085276,3080.060115,163.990072,"H"
"jamnagar",4,"B24 x R187",9.922430298,43.36732435,3628.8558,181.7078089,"H"
"jamnagar",4,"B24 x R2",11.81298696,45.38393867,4017.637809,185.3664183,"H"
"jamnagar",4,"B24 x R21",9.354027678,44.977205,3149.39386,156.5356219,"H"
"jamnagar",4,"B24 x R22",10.12738407,45.09781177,3781.558928,192.4580217,"H"
"jamnagar",4,"B24 x R3",11.23646993,43.81959912,3660.571181,148.6606769,"H"
"jamnagar",4,"B24 x R69",10.01521733,47.15288686,2455.416117,186.3187375,"H"
"jamnagar",4,"B24 x R70",9.935990763,45.73030636,3441.466738,181.5405024,"H"
"jamnagar",4,"B24 x R75",12.10458058,46.61096943,3482.5657,146.8323481,"H"
"jamnagar",4,"B24 x R80",10.44778754,45.50880898,3383.539139,181.0738891,"H"
"jamnagar",4,"B24 x R83",10.03295309,44.59621381,3263.807878,182.20969,"H"
"jamnagar",4,"B24 x R9",9.981032825,43.73144843,3225.048503,181.8556892,"H"
"jamnagar",4,"B37 x R115",9.418864656,48.70014232,2978.468288,201.2739608,"H"
"jamnagar",4,"B37 x R167",8.412374186,48.13780299,3224.737957,209.6168962,"H"
"jamnagar",4,"B37 x R171",9.926179151,47.44524038,4002.881362,211.7590737,"H"
"jamnagar",4,"B37 x R177",9.088626426,48.38829218,3923.69106,198.813833,"H"
"jamnagar",4,"B37 x R183",11.34778984,46.69988549,3113.41035,202.0423051,"H"
"jamnagar",4,"B37 x R187",9.96875692,45.67904647,3191.346681,197.9990879,"H"
"jamnagar",4,"B37 x R2",10.26529383,49.60500357,3030.012037,196.7654454,"H"
"jamnagar",4,"B37 x R21",9.986635339,47.53222533,2750.396281,170.2597509,"H"
"jamnagar",4,"B37 x R22",10.11833284,48.80664895,3197.446067,205.4150301,"H"
"jamnagar",4,"B37 x R3",9.646978134,48.50149593,2850.883971,211.3835754,"H"
"jamnagar",4,"B37 x R69",9.536595268,48.74399765,2874.826467,211.485276,"H"
"jamnagar",4,"B37 x R70",10.92718135,48.53672506,3188.636509,200.516365,"H"
"jamnagar",4,"B37 x R83",9.244045751,48.43703826,3349.055592,207.3689455,"H"
"jamnagar",4,"B37 x R9",9.235472971,45.88425016,2957.349259,191.4162347,"H"
"jamnagar",4,"B3 x R11",9.43353902,46.16606871,3467.759286,187.3048334,"H"
"jamnagar",4,"B3 x R110",9.873458991,44.24456159,3887.041028,193.6439471,"H"
"jamnagar",4,"B3 x R115",10.29894861,45.81021053,3043.642424,195.5691092,"H"
"jamnagar",4,"B3 x R151",11.85608418,43.74690317,3098.412624,179.7177101,"H"
"jamnagar",4,"B3 x R157",9.853415421,45.75414267,4043.492977,213.2368292,"H"
"jamnagar",4,"B3 x R167",10.61632176,48.26054722,3818.007635,206.6021514,"H"
"jamnagar",4,"B3 x R171",10.79022252,43.86337028,3397.037424,202.8654308,"H"
"jamnagar",4,"B3 x R177",9.147827418,43.36857435,4031.6243,180.3754976,"H"
"jamnagar",4,"B3 x R183",10.81381961,43.56127538,4208.678965,193.1074658,"H"
"jamnagar",4,"B3 x R187",10.04547894,44.4083857,3633.099529,183.9636014,"H"
"jamnagar",4,"B3 x R2",10.99500331,48.34078808,4125.466262,190.9789656,"H"
"jamnagar",4,"B3 x R21",8.917754207,46.23984069,3241.265279,173.025046,"H"
"jamnagar",4,"B3 x R22",10.26966759,45.88802254,3971.706996,196.0986583,"H"
"jamnagar",4,"B3 x R3",10.07598283,47.28539532,3041.446607,162.4170057,"H"
"jamnagar",4,"B3 x R69",9.533315472,46.2380646,3523.423234,214.9485113,"H"
"jamnagar",4,"B3 x R70",5.743355057,46.12333843,3808.376629,195.8819104,"H"
"jamnagar",4,"B3 x R75",10.78735991,46.96141806,3662.033939,174.1188928,"H"
"jamnagar",4,"B3 x R80",11.50562602,46.48573548,3081.473118,196.2792308,"H"
"jamnagar",4,"B3 x R83",9.097701918,45.06074536,5014.07231,193.5296064,"H"
"jamnagar",4,"B3 x R9",9.465006318,45.93027765,2945.813547,184.4306933,"H"
"jamnagar",4,"B64 x R11",9.432055304,43.05747837,3416.898864,183.9808808,"H"
"jamnagar",4,"B64 x R110",12.08759887,44.6341669,2870.422025,189.0944346,"H"
"jamnagar",4,"B64 x R115",10.72556998,44.82908831,3285.997386,193.7728917,"H"
"jamnagar",4,"B64 x R151",9.54862125,42.00397894,3340.531323,180.6878024,"H"
"jamnagar",4,"B64 x R157",12.09654559,45.18352648,3412.154288,185.5399249,"H"
"jamnagar",4,"B64 x R167",11.72093556,49.02219332,3097.267382,196.4189142,"H"
"jamnagar",4,"B64 x R171",10.13812983,45.39795264,4764.964957,199.7128921,"H"
"jamnagar",4,"B64 x R177",9.949287221,43.38340804,3151.33618,178.5501721,"H"
"jamnagar",4,"B64 x R183",10.38476867,43.31566523,3564.874676,180.862267,"H"
"jamnagar",4,"B64 x R187",11.35969774,44.72816094,3504.420303,191.6586088,"H"
"jamnagar",4,"B64 x R2",11.62236836,45.71347044,3368.122118,202.1383804,"H"
"jamnagar",4,"B64 x R21",8.968855806,45.51605406,2578.674458,184.7859687,"H"
"jamnagar",4,"B64 x R22",12.3686591,46.66372151,2715.362009,208.3473417,"H"
"jamnagar",4,"B64 x R3",10.82279872,44.66691612,3450.750744,199.6420126,"H"
"jamnagar",4,"B64 x R69",11.17067948,45.70681665,3228.96523,187.4394289,"H"
"jamnagar",4,"B64 x R70",9.695523987,45.47398734,4230.634739,193.6080349,"H"
"jamnagar",4,"B64 x R75",10.22214797,45.88777741,3867.593471,190.9117285,"H"
"jamnagar",4,"B64 x R80",10.33230754,44.55586819,3522.556575,192.6797561,"H"
"jamnagar",4,"B64 x R83",11.14575148,46.09086778,3922.990037,197.9583456,"H"
"jamnagar",4,"B64 x R9",10.78191778,42.94723393,3578.047834,177.4934633,"H"
"jamnagar",4,"B65 x R11",9.435663308,43.12320083,2797.283267,169.4907895,"H"
"jamnagar",4,"B65 x R110",10.80627255,43.40397911,3417.26746,180.2352188,"H"
"jamnagar",4,"B65 x R115",10.06164307,44.66516392,2940.146574,180.961732,"H"
"jamnagar",4,"B65 x R151",11.9488444,42.71406341,2839.090185,176.3840388,"H"
"jamnagar",4,"B65 x R157",10.69766583,44.16609227,2808.405421,184.4865964,"H"
"jamnagar",4,"B65 x R167",10.16577052,47.09328304,2879.139202,198.5275741,"H"
"jamnagar",4,"B65 x R171",10.75261694,44.30756188,3811.93659,200.4321182,"H"
"jamnagar",4,"B65 x R177",9.404112848,43.25211113,3703.443501,183.5801587,"H"
"jamnagar",4,"B65 x R183",11.00325495,42.14072278,3138.21122,179.0600214,"H"
"jamnagar",4,"B65 x R187",10.00603826,44.45831272,2668.654131,184.755763,"H"
"jamnagar",4,"B65 x R2",11.04192936,44.86876652,3391.168366,184.8091145,"H"
"jamnagar",4,"B65 x R21",9.642949634,43.69348621,3353.806969,182.2371569,"H"
"jamnagar",4,"B65 x R22",9.835398661,44.72562982,3299.934093,188.244758,"H"
"jamnagar",4,"B65 x R3",11.99773491,43.87165512,3229.552964,186.9814115,"H"
"jamnagar",4,"B65 x R69",10.06959645,45.52991154,3464.926066,181.7147342,"H"
"jamnagar",4,"B65 x R70",10.36969828,44.70932228,3226.312089,181.3908577,"H"
"jamnagar",4,"B65 x R75",9.702750647,46.99971817,2559.022421,179.4846947,"H"
"jamnagar",4,"B65 x R80",11.72424028,43.80418948,3349.415014,184.0600772,"H"
"jamnagar",4,"B65 x R83",9.140721898,44.18777786,3609.47243,186.8674781,"H"
"jamnagar",4,"B65 x R9",9.98314791,43.08991725,3338.697669,171.5905752,"H"
"jamnagar",4,"B86 x R11",10.37615283,45.71092324,4365.87894,194.1372202,"H"
"jamnagar",4,"B86 x R110",12.1943714,48.02493483,3566.4318,191.219787,"H"
"jamnagar",4,"B86 x R115",11.91438379,46.67316302,3909.62685,201.3697259,"H"
"jamnagar",4,"B86 x R151",13.37010194,45.34895665,2752.979173,189.5394717,"H"
"jamnagar",4,"B86 x R157",12.09804652,47.00818822,3480.544106,207.6361941,"H"
"jamnagar",4,"B86 x R171",9.720212286,47.03616274,3168.495455,203.1493561,"H"
"jamnagar",4,"B86 x R177",9.81592825,45.31015654,3946.49511,197.7534033,"H"
"jamnagar",4,"B86 x R2",12.0555454,48.72151922,3815.445496,207.6895875,"H"
"jamnagar",4,"B86 x R21",12.06840206,47.0558371,3625.12465,169.6530628,"H"
"jamnagar",4,"B86 x R22",10.9107768,48.56358712,4048.479415,208.1583591,"H"
"jamnagar",4,"B86 x R3",11.48662551,49.61549774,3398.480943,162.7242037,"H"
"jamnagar",4,"B86 x R70",11.8074247,49.1460393,3426.77777,195.4210912,"H"
"jamnagar",4,"B86 x R75",11.47145501,49.79721065,2809.705975,158.8217976,"H"
"jamnagar",4,"B86 x R80",10.91291847,48.77156025,2720.16785,222.9465498,"H"
"jamnagar",4,"B86 x R83",9.397337093,48.57419965,4005.957279,202.8458944,"H"
"jamnagar",4,"B86 x R9",10.62218986,45.37444315,2693.796431,184.8112277,"H"
"jamnagar",4,"B96 x R11",10.69231782,44.20519823,3460.920612,194.3231266,"H"
"jamnagar",4,"B96 x R110",11.51641667,44.41187745,3246.91229,204.5736847,"H"
"jamnagar",4,"B96 x R115",10.46781513,45.16891415,3879.017152,199.8620367,"H"
"jamnagar",4,"B96 x R151",13.4282956,44.37081601,3254.060187,178.4058894,"H"
"jamnagar",4,"B96 x R157",12.5795449,47.45990949,3426.893424,202.2792336,"H"
"jamnagar",4,"B96 x R167",13.95906042,48.69296473,3540.855069,206.1030688,"H"
"jamnagar",4,"B96 x R171",10.56500746,45.41190981,4471.917507,214.732649,"H"
"jamnagar",4,"B96 x R177",12.05685826,45.75850944,3696.231524,193.579482,"H"
"jamnagar",4,"B96 x R183",12.93553261,46.18828577,2602.670754,181.0200228,"H"
"jamnagar",4,"B96 x R187",11.22129615,46.19487071,3292.407873,202.0274277,"H"
"jamnagar",4,"B96 x R2",13.89165558,48.33006776,3436.913479,204.833701,"H"
"jamnagar",4,"B96 x R21",9.941133593,45.54057301,3565.247119,172.4917535,"H"
"jamnagar",4,"B96 x R22",10.01479928,47.54134666,3159.594516,203.9785582,"H"
"jamnagar",4,"B96 x R3",12.63560363,46.34779562,2999.342696,160.0309263,"H"
"jamnagar",4,"B96 x R69",10.6044327,48.69159192,3287.758043,200.8262632,"H"
"jamnagar",4,"B96 x R70",11.25877965,49.20030687,4067.328647,206.8414841,"H"
"jamnagar",4,"B96 x R75",9.16205772,49.48783336,2356.845183,163.7337772,"H"
"jamnagar",4,"B96 x R80",12.05393804,47.69519188,2676.913001,197.6728808,"H"
"jamnagar",4,"B96 x R83",11.56807709,45.84320172,3701.867039,195.8858304,"H"
"jamnagar",4,"B96 x R9",10.4349231,44.6480977,3759.333809,186.934886,"H"
