"","X","GID","P1","P2","TraitBLUE","Year","CV"
"1",486,"SA18-CB-10-FG1xSL18-SF-19-MG2","SA18-CB-10-FG1","SL18-SF-19-MG2",NA,2019,10
"2",657,"SA18-CB-10-FG2xSL18-LL-9-MG1","SA18-CB-10-FG2","SL18-LL-9-MG1",-0.168129123911237,2019,1
"3",1384,"SA18-CB-4-FG3xSA18-CB-4-MG3","SA18-CB-4-FG3","SA18-CB-4-MG3",-0.168127888117811,2019,1
"4",3399,"SA18-CB-7-FG1xSL18-LL-9-MG3","SA18-CB-7-FG1","SL18-LL-9-MG3",-0.0399999999999982,2019,7
"5",23976,"SL18-LD-1-FG1xSL18-NL-2-MG2","SL18-LD-1-FG1","SL18-NL-2-MG2",-0.408129123911238,2019,2
"6",24018,"SL18-LD-1-FG1xSL18-OI-18-MG1","SL18-LD-1-FG1","SL18-OI-18-MG1",-0.398129123911237,2019,6
"7",24127,"SL18-LD-1-FG2xSA18-CB-4-MG3","SL18-LD-1-FG2","SA18-CB-4-MG3",0.00439737088285048,2019,4
"8",24318,"SL18-LD-1-FG2xSL18-SF-13-MG3","SL18-LD-1-FG2","SL18-SF-13-MG3",-0.158717100149805,2019,1
"9",24319,"SL18-LD-1-FG2xSL18-SF-15-MG1","SL18-LD-1-FG2","SL18-SF-15-MG1",-0.0650065485615914,2019,9
"10",24528,"SL18-LD-1-FG3xSL18-NL-5-MG1","SL18-LD-1-FG3","SL18-NL-5-MG1",-0.353122575349644,2019,2
"11",24538,"SL18-LD-1-FG3xSL18-NL-9-MG2","SL18-LD-1-FG3","SL18-NL-9-MG2",-0.372691400220803,2019,6
"12",24553,"SL18-LD-1-FG3xSL18-OI-11-MG2","SL18-LD-1-FG3","SL18-OI-11-MG2",-0.111892077528937,2019,3
"13",24558,"SL18-LD-1-FG3xSL18-OI-15-MG1","SL18-LD-1-FG3","SL18-OI-15-MG1",-0.107551773209004,2019,10
"14",24559,"SL18-LD-1-FG3xSL18-OI-15-MG2","SL18-LD-1-FG3","SL18-OI-15-MG2",-0.206963796970436,2019,6
"15",24561,"SL18-LD-1-FG3xSL18-OI-16-MG1","SL18-LD-1-FG3","SL18-OI-16-MG1",-0.398705238820045,2019,7
"16",24576,"SL18-LD-1-FG3xSL18-OI-6-MG2","SL18-LD-1-FG3","SL18-OI-6-MG2",-0.0875517732090036,2019,2
"17",24577,"SL18-LD-1-FG3xSL18-OI-7-MG1","SL18-LD-1-FG3","SL18-OI-7-MG1",-0.230000000000001,2019,3
"18",24581,"SL18-LD-1-FG3xSL18-OI-9-MG3","SL18-LD-1-FG3","SL18-OI-9-MG3",-0.132545224647409,2019,2
"19",24664,"SL18-LD-10-FG1xSA18-CB-1-MG2","SL18-LD-10-FG1","SA18-CB-1-MG2",-0.233279376459369,2019,10
"20",24840,"SL18-LD-10-FG1xSL18-OI-18-MG1","SL18-LD-10-FG1","SL18-OI-18-MG1",-0.374418572323024,2019,1
"21",24844,"SL18-LD-10-FG1xSL18-OI-4-MG1","SL18-LD-10-FG1","SL18-OI-4-MG1",-0.289293215058611,2019,2
"22",24952,"SL18-LD-10-FG2xSA18-CB-7-MG2","SL18-LD-10-FG2","SA18-CB-7-MG2",0.0449934514384101,2019,8
"23",25075,"SL18-LD-10-FG2xSL18-NL-3-MG2","SL18-LD-10-FG2","SL18-NL-3-MG2",-0.424418572323021,2019,2
"24",25856,"SL18-LD-13-FG2xSL18-LD-13-MG2","SL18-LD-13-FG2","SL18-LD-13-MG2",-0.0377318694405075,2019,1
"25",26043,"SL18-LD-2-FG2xSA18-CB-3-MG3","SL18-LD-2-FG2","SA18-CB-3-MG3",-0.209999999999998,2019,6
"26",26142,"SL18-LD-2-FG2xSL18-LL-9-MG2","SL18-LD-2-FG2","SL18-LL-9-MG2",-0.294418572323025,2019,2
"27",26182,"SL18-LD-2-FG2xSL18-NL-9-MG1","SL18-LD-2-FG2","SL18-NL-9-MG1",-0.338717100149805,2019,8
"28",26244,"SL18-LD-2-FG2xSL18-SF-19-MG1","SL18-LD-2-FG2","SL18-SF-19-MG1",-0.0175848991481681,2019,4
"29",27005,"SL18-LD-3-FG1xSL18-NL-9-MG1","SL18-LD-3-FG1","SL18-NL-9-MG1",-0.369977851143752,2019,9
"30",27067,"SL18-LD-3-FG1xSL18-SF-19-MG2","SL18-LD-3-FG1","SL18-SF-19-MG2",-0.278705238820044,2019,6
"31",27137,"SL18-LD-3-FG2xSA18-CB-2-MG3","SL18-LD-3-FG2","SA18-CB-2-MG3",-0.149400500441517,2019,8
"32",27239,"SL18-LD-3-FG2xSL18-LL-9-MG2","SL18-LD-3-FG2","SL18-LL-9-MG2",-0.258965216753322,2019,1
"33",27339,"SL18-LD-3-FG2xSL18-SF-17-MG3","SL18-LD-3-FG2","SL18-SF-17-MG3",-0.316855275794105,2019,6
"34",27683,"SL18-LD-4-FG1xSA18-CB-2-MG1","SL18-LD-4-FG1","SA18-CB-2-MG1",-0.285582663470398,2019,10
"35",27817,"SL18-LD-4-FG1xSL18-NL-3-MG2","SL18-LD-4-FG1","SL18-NL-3-MG2",-0.353279376459371,2019,9
"36",28060,"SL18-LD-4-FG2xSL18-LL-9-MG1","SL18-LD-4-FG2","SL18-LL-9-MG1",-0.294397708892693,2019,8
"37",28158,"SL18-LD-4-FG2xSL18-SF-15-MG2","SL18-LD-4-FG2","SL18-SF-15-MG2",-0.19185248424528,2019,10
"38",28433,"SL18-LD-4-FG3xSL18-SF-17-MG1","SL18-LD-4-FG3","SL18-SF-17-MG1",-0.235254665165109,2019,6
"39",28503,"SL18-LD-5-FG1xSA18-CB-10-MG1","SL18-LD-5-FG1","SA18-CB-10-MG1",-0.199400500441517,2019,9
"40",29526,"SL18-LD-9-FG2xSL18-SF-13-MG3","SL18-LD-9-FG2","SL18-SF-13-MG3",-0.295254665165108,2019,10
"41",29743,"SL18-LD-9-FG3xSL18-NL-7-MG1","SL18-LD-9-FG3","SL18-NL-7-MG1",-0.258717100149805,2019,5
"42",29803,"SL18-LD-9-FG3xSL18-SF-17-MG1","SL18-LD-9-FG3","SL18-SF-17-MG1",-0.163122575349644,2019,2
"43",30841,"SL18-LL-9-FG3xSL18-NL-9-MG1","SL18-LL-9-FG3","SL18-NL-9-MG1",-0.32443730217635,2019,10
"44",35637,"SL18-NL-10-FG1xSA18-CB-4-MG3","SL18-NL-10-FG1","SA18-CB-4-MG3",-0.21560262911715,2019,6
"45",35723,"SL18-NL-10-FG1xSL18-LD-2-MG1","SL18-NL-10-FG1","SL18-LD-2-MG1",-0.379568824871157,2019,4
"46",35794,"SL18-NL-10-FG1xSL18-OI-15-MG1","SL18-NL-10-FG1","SL18-OI-15-MG1",0.0555626978236508,2019,10
"47",35813,"SL18-NL-10-FG1xSL18-OI-7-MG1","SL18-NL-10-FG1","SL18-OI-7-MG1",-0.0768552757941048,2019,6
"48",35824,"SL18-NL-10-FG1xSL18-SF-13-MG1","SL18-NL-10-FG1","SL18-SF-13-MG1",-0.108377240514755,2019,3
"49",36311,"SL18-NL-10-FG3xSL18-NL-3-MG2","SL18-NL-10-FG3","SL18-NL-3-MG2",-0.292545224647411,2019,7
"50",36448,"SL18-NL-2-FG1xSA18-CB-1-MG2","SL18-NL-2-FG1","SA18-CB-1-MG2",-0.0955826634703978,2019,5
"51",36543,"SL18-NL-2-FG1xSL18-LD-13-MG2","SL18-NL-2-FG1","SL18-LD-13-MG2",-0.15371055158821,2019,8
"52",36653,"SL18-NL-2-FG1xSL18-SF-17-MG1","SL18-NL-2-FG1","SL18-SF-17-MG1",-0.085563035833494,2019,3
"53",37001,"SL18-NL-2-FG3xSA18-CB-2-MG3","SL18-NL-2-FG3","SA18-CB-2-MG3",-0.397541147672672,2019,3
"54",37006,"SL18-NL-2-FG3xSA18-CB-4-MG1","SL18-NL-2-FG3","SA18-CB-4-MG1",-0.27897494830573,2019,1
"55",37098,"SL18-NL-2-FG3xSL18-LD-3-MG2","SL18-NL-2-FG3","SL18-LD-3-MG2",-0.329977851143752,2019,10
"56",37168,"SL18-NL-2-FG3xSL18-OI-16-MG1","SL18-NL-2-FG3","SL18-OI-16-MG1",-0.145014652878583,2019,8
"57",37285,"SL18-NL-3-FG1xSA18-CB-7-MG2","SL18-NL-3-FG1","SA18-CB-7-MG2",-0.0754457648381993,2019,5
"58",37435,"SL18-NL-3-FG1xSL18-OI-11-MG2","SL18-NL-3-FG1","SL18-OI-11-MG2",-0.234975059594926,2019,5
"59",37473,"SL18-NL-3-FG1xSL18-SF-13-MG2","SL18-NL-3-FG1","SL18-SF-13-MG2",-0.238377240514755,2019,9
"60",37752,"SL18-NL-3-FG2xSL18-SF-17-MG2","SL18-NL-3-FG2","SL18-SF-17-MG2",-0.0226914002208027,2019,5
"61",37824,"SL18-NL-3-FG3xSA18-CB-2-MG2","SL18-NL-3-FG3","SA18-CB-2-MG2",-0.312691400220802,2019,8
"62",38650,"SL18-NL-6-FG1xSA18-CB-3-MG3","SL18-NL-6-FG1","SA18-CB-3-MG3",0.0181475157547198,2019,7
"63",38656,"SL18-NL-6-FG1xSA18-CB-7-MG2","SL18-NL-6-FG1","SA18-CB-7-MG2",0.124993451438409,2019,3
"64",38734,"SL18-NL-6-FG1xSL18-LD-1-MG2","SL18-NL-6-FG1","SL18-LD-1-MG2",-0.194397708892693,2019,9
"65",38739,"SL18-NL-6-FG1xSL18-LD-2-MG1","SL18-NL-6-FG1","SL18-LD-2-MG1",-0.135254665165109,2019,5
"66",38743,"SL18-NL-6-FG1xSL18-LD-3-MG2","SL18-NL-6-FG1","SL18-LD-3-MG2",-0.0989652167533212,2019,6
"67",38775,"SL18-NL-6-FG1xSL18-NL-2-MG1","SL18-NL-6-FG1","SL18-NL-2-MG1",-0.00755177320900398,2019,5
"68",38805,"SL18-NL-6-FG1xSL18-OI-11-MG2","SL18-NL-6-FG1","SL18-OI-11-MG2",-0.372691400220805,2019,5
"69",38809,"SL18-NL-6-FG1xSL18-OI-14-MG2","SL18-NL-6-FG1","SL18-OI-14-MG2",0.105602291107316,2019,10
"70",38810,"SL18-NL-6-FG1xSL18-OI-15-MG1","SL18-NL-6-FG1","SL18-OI-15-MG1",0.0818721118821904,2019,1
"71",38813,"SL18-NL-6-FG1xSL18-OI-16-MG1","SL18-NL-6-FG1","SL18-OI-16-MG1",0.0222001101874805,2019,3
"72",38847,"SL18-NL-6-FG1xSL18-SF-17-MG1","SL18-NL-6-FG1","SL18-SF-17-MG1",0.0922001101874773,2019,7
"73",38851,"SL18-NL-6-FG1xSL18-SF-19-MG2","SL18-NL-6-FG1","SL18-SF-19-MG2",-0.176963796970436,2019,8
"74",40030,"SL18-NL-9-FG2xSA18-CB-7-MG1","SL18-NL-9-FG2","SA18-CB-7-MG1",-0.148129123911236,2019,7
"75",40225,"SL18-NL-9-FG2xSL18-SF-19-MG1","SL18-NL-9-FG2","SL18-SF-19-MG1",-0.180565827382316,2019,8
"76",42413,"SL18-OI-11-FG1xSL18-SF-15-MG2","SL18-OI-11-FG1","SL18-SF-15-MG2",-0.186855275794104,2019,8
"77",42763,"SL18-OI-15-FG1xSA18-CB-2-MG3","SL18-OI-15-FG1","SA18-CB-2-MG3",-0.0318469011476302,2019,2
"78",42896,"SL18-OI-15-FG1xSL18-NL-5-MG1","SL18-OI-15-FG1","SL18-NL-5-MG1",-0.272114049518568,2019,4
"79",42961,"SL18-OI-15-FG1xSL18-SF-15-MG1","SL18-OI-15-FG1","SL18-SF-15-MG1",0.0478859504814308,2019,5
"80",44413,"SL18-OI-16-FG3xSA18-CB-4-MG3","SL18-OI-16-FG3","SA18-CB-4-MG3",-0.0855630358334922,2019,4
"81",44414,"SL18-OI-16-FG3xSA18-CB-5-MG3","SL18-OI-16-FG3","SA18-CB-5-MG3",-0.318127888117811,2019,4
"82",44503,"SL18-OI-16-FG3xSL18-LD-3-MG2","SL18-OI-16-FG3","SL18-LD-3-MG2",-0.134437302176349,2019,7
"83",44544,"SL18-OI-16-FG3xSL18-NL-6-MG1","SL18-OI-16-FG3","SL18-NL-6-MG1",-0.283279376459369,2019,5
"84",44608,"SL18-OI-16-FG3xSL18-SF-17-MG2","SL18-OI-16-FG3","SL18-SF-17-MG2",-0.0343977088926931,2019,6
"85",44877,"SL18-OI-17-FG1xSL18-SF-13-MG2","SL18-OI-17-FG1","SL18-SF-13-MG2",0.018107922471064,2019,7
"86",45156,"SL18-OI-17-FG2xSL18-SF-17-MG2","SL18-OI-17-FG2","SL18-SF-17-MG2",-0.334397708892693,2019,6
"87",45689,"SL18-OI-18-FG1xSL18-OI-9-MG3","SL18-OI-18-FG1","SL18-OI-9-MG3",-0.126963796970437,2019,7
"88",45785,"SL18-OI-18-FG2xSA18-CB-7-MG1","SL18-OI-18-FG2","SA18-CB-7-MG1",-0.00500654856159111,2019,3
"89",45866,"SL18-OI-18-FG2xSL18-LD-10-MG1","SL18-OI-18-FG2","SL18-LD-10-MG1",-0.198705238820045,2019,9
"90",45871,"SL18-OI-18-FG2xSL18-LD-2-MG3","SL18-OI-18-FG2","SL18-LD-2-MG3",-0.369568824871157,2019,2
"91",45876,"SL18-OI-18-FG2xSL18-LD-9-MG1","SL18-OI-18-FG2","SL18-LD-9-MG1",-0.298129123911238,2019,8
"92",45906,"SL18-OI-18-FG2xSL18-NL-2-MG2","SL18-OI-18-FG2","SL18-NL-2-MG2",-0.235014652878582,2019,10
"93",46152,"SL18-OI-18-FG3xSL18-LL-9-MG1","SL18-OI-18-FG3","SL18-LL-9-MG1",-0.272114049518569,2019,6
"94",46233,"SL18-OI-18-FG3xSL18-OI-7-MG1","SL18-OI-18-FG3","SL18-OI-7-MG1",-0.307541147672671,2019,2
"95",46331,"SL18-OI-18-FG5xSA18-CB-4-MG3","SL18-OI-18-FG5","SA18-CB-4-MG3",-0.280565827382318,2019,9
"96",46417,"SL18-OI-18-FG5xSL18-LD-2-MG1","SL18-OI-18-FG5","SL18-LD-2-MG1",-0.0987171001498059,2019,8
"97",46524,"SL18-OI-18-FG5xSL18-SF-15-MG2","SL18-OI-18-FG5","SL18-SF-15-MG2",-0.00929321505861161,2019,7
"98",46594,"SL18-OI-18-FG6xSA18-CB-1-MG2","SL18-OI-18-FG6","SA18-CB-1-MG2",0.0224482267909956,2019,4
"99",46736,"SL18-OI-18-FG6xSL18-NL-6-MG1","SL18-OI-18-FG6","SL18-NL-6-MG1",-0.353279376459371,2019,2
"100",46960,"SL18-OI-2-FG2xSL18-LD-1-MG2","SL18-OI-2-FG2","SL18-LD-1-MG2",-0.305254665165106,2019,4
"101",47289,"SL18-OI-2-FG3xSL18-NL-9-MG1","SL18-OI-2-FG3","SL18-NL-9-MG1",-0.369568824871157,2019,10
"102",47347,"SL18-OI-2-FG3xSL18-SF-17-MG1","SL18-OI-2-FG3","SL18-SF-17-MG1",-0.324975059594926,2019,9
"103",48241,"SL18-OI-6-FG1xSA18-CB-2-MG1","SL18-OI-6-FG1","SA18-CB-2-MG1",-0.259400500441518,2019,3
"104",48247,"SL18-OI-6-FG1xSA18-CB-4-MG1","SL18-OI-6-FG1","SA18-CB-4-MG1",-0.139400500441516,2019,1
"105",48333,"SL18-OI-6-FG1xSL18-LD-13-MG2","SL18-OI-6-FG1","SL18-LD-13-MG2",-0.251892077528936,2019,3
"106",48335,"SL18-OI-6-FG1xSL18-LD-2-MG1","SL18-OI-6-FG1","SL18-LD-2-MG1",-0.337541147672672,2019,8
"107",48341,"SL18-OI-6-FG1xSL18-LD-5-MG1","SL18-OI-6-FG1","SL18-LD-5-MG1",-0.359293215058613,2019,5
"108",48385,"SL18-OI-6-FG1xSL18-NL-9-MG1","SL18-OI-6-FG1","SL18-NL-9-MG1",-0.304975059594926,2019,7
"109",48441,"SL18-OI-6-FG1xSL18-SF-15-MG1","SL18-OI-6-FG1","SL18-SF-15-MG1",-0.205014652878583,2019,7
"110",48446,"SL18-OI-6-FG1xSL18-SF-19-MG1","SL18-OI-6-FG1","SL18-SF-19-MG1",-0.374975059594927,2019,3
"111",49613,"SL18-OI-7-FG3xSA18-CB-2-MG3","SL18-OI-7-FG3","SA18-CB-2-MG3",-0.28896521675332,2019,10
"112",49989,"SL18-OI-9-FG1xSL18-LL-9-MG2","SL18-OI-9-FG1","SL18-LL-9-MG2",-0.305582663470397,2019,4
"113",51634,"SL18-SF-13-FG1xSL18-LL-9-MG3","SL18-SF-13-FG1","SL18-LL-9-MG3",-0.210565827382319,2019,8
"114",52180,"SL18-SF-17-FG1xSL18-LL-9-MG1","SL18-SF-17-FG1","SL18-LL-9-MG1",-0.288127888117811,2019,10
"115",52623,"SL18-SF-17-FG3xSA18-CB-10-MG1","SL18-SF-17-FG3","SA18-CB-10-MG1",-0.126963796970437,2019,1
"116",52630,"SL18-SF-17-FG3xSA18-CB-3-MG3","SL18-SF-17-FG3","SA18-CB-3-MG3",-0.159400500441517,2019,7
"117",52719,"SL18-SF-17-FG3xSL18-LD-2-MG1","SL18-SF-17-FG3","SL18-LD-2-MG1",-0.218129123911238,2019,3
"118",52754,"SL18-SF-17-FG3xSL18-NL-10-MG2","SL18-SF-17-FG3","SL18-NL-10-MG2",-0.302114049518569,2019,7
"119",52757,"SL18-SF-17-FG3xSL18-NL-2-MG3","SL18-SF-17-FG3","SL18-NL-2-MG3",-0.229977851143751,2019,9
"120",52769,"SL18-SF-17-FG3xSL18-NL-9-MG1","SL18-SF-17-FG3","SL18-NL-9-MG1",-0.268705238820045,2019,2
"121",52809,"SL18-SF-17-FG3xSL18-OI-7-MG1","SL18-SF-17-FG3","SL18-OI-7-MG1",-0.245582663470398,2019,5
"122",52813,"SL18-SF-17-FG3xSL18-OI-9-MG3","SL18-SF-17-FG3","SL18-OI-9-MG3",-0.215582663470397,2019,2
"123",1145,"SA18-CB-2-FG3xSL18-CC-2-MG5","SA18-CB-2-FG3","SL18-CC-2-MG5",1.22136395662683,2020,1
"124",1228,"SA18-CB-2-FG3xSL18-NC-9-MG1","SA18-CB-2-FG3","SL18-NC-9-MG1",0.136957390917475,2020,5
"125",1278,"SA18-CB-2-FG3xSL18-OI-2-MG2","SA18-CB-2-FG3","SL18-OI-2-MG2",0.231916064684988,2020,7
"126",1733,"SA18-CB-4-FG6xSL18-JS-6-MG3","SA18-CB-4-FG6","SL18-JS-6-MG3",0.924804632358454,2020,9
"127",2512,"SA18-CB-5-FG4xSL18-CC-1-MG3","SA18-CB-5-FG4","SL18-CC-1-MG3",0.0514581330360555,2020,7
"128",3069,"SA18-CB-5-FG6xSL18-CC-6-MG2","SA18-CB-5-FG6","SL18-CC-6-MG2",0.338573749675656,2020,6
"129",3382,"SA18-CB-7-FG1xSL18-LD-1-MG1","SA18-CB-7-FG1","SL18-LD-1-MG1",0.196290532696602,2020,10
"130",3918,"SA18-CB-9-FG1xSL18-JS-19-MG1","SA18-CB-9-FG1","SL18-JS-19-MG1",0.632607996784842,2020,9
"131",3922,"SA18-CB-9-FG1xSL18-JS-5-MG3","SA18-CB-9-FG1","SL18-JS-5-MG3",0.0726522989500198,2020,8
"132",4028,"SA18-CB-9-FG1xSL18-OI-7-MG3","SA18-CB-9-FG1","SL18-OI-7-MG3",0.904291217068689,2020,4
"133",7176,"SL18-CC-1-FG1xSL18-CC-4-MG11","SL18-CC-1-FG1","SL18-CC-4-MG11",0.143774240066136,2020,8
"134",7247,"SL18-CC-1-FG1xSL18-NC-15-MG3","SL18-CC-1-FG1","SL18-NC-15-MG3",0.539755977066137,2020,10
"135",7300,"SL18-CC-1-FG1xSL18-OI-16-MG3","SL18-CC-1-FG1","SL18-OI-16-MG3",-0.0465869053973087,2020,1
"136",7515,"SL18-CC-1-FG2xSL18-NC-11-MG2","SL18-CC-1-FG2","SL18-NC-11-MG2",-0.0711039789523302,2020,7
"137",7572,"SL18-CC-1-FG2xSL18-OI-16-MG1","SL18-CC-1-FG2","SL18-OI-16-MG1",0.378749851489643,2020,10
"138",7574,"SL18-CC-1-FG2xSL18-OI-16-MG3","SL18-CC-1-FG2","SL18-OI-16-MG3",-0.0608364533150118,2020,2
"139",7865,"SL18-CC-1-FG3xSL18-OI-9-MG2","SL18-CC-1-FG3","SL18-OI-9-MG2",-0.144670430970922,2020,2
"140",8072,"SL18-CC-10-FG4xSL18-NC-2-MG2","SL18-CC-10-FG4","SL18-NC-2-MG2",0.510035598929089,2020,1
"141",8231,"SL18-CC-11-FG3xSA18-CB-3-MG3","SL18-CC-11-FG3","SA18-CB-3-MG3",1.65850658075007,2020,9
"142",8271,"SL18-CC-11-FG3xSL18-CC-3-MG1","SL18-CC-11-FG3","SL18-CC-3-MG1",-0.0394074648221257,2020,4
"143",8300,"SL18-CC-11-FG3xSL18-JS-16-MG1","SL18-CC-11-FG3","SL18-JS-16-MG1",0.416287608029077,2020,8
"144",8347,"SL18-CC-11-FG3xSL18-NC-2-MG3","SL18-CC-11-FG3","SL18-NC-2-MG3",0.633560181598717,2020,2
"145",8606,"SL18-CC-12-FG2xSL18-LL-9-MG4","SL18-CC-12-FG2","SL18-LL-9-MG4",0.941452459961634,2020,6
"146",8666,"SL18-CC-12-FG2xSL18-OI-15-MG2","SL18-CC-12-FG2","SL18-OI-15-MG2",0.906267046598719,2020,1
"147",8885,"SL18-CC-12-FG3xSL18-NC-11-MG2","SL18-CC-12-FG3","SL18-NC-11-MG2",-0.097371253952331,2020,1
"148",8940,"SL18-CC-12-FG3xSL18-OI-15-MG2","SL18-CC-12-FG3","SL18-OI-15-MG2",0.480813902291905,2020,7
"149",8941,"SL18-CC-12-FG3xSL18-OI-15-MG3","SL18-CC-12-FG3","SL18-OI-15-MG3",0.0903995025987169,2020,5
"150",9394,"SL18-CC-3-FG1xSL18-JS-11-MG2","SL18-CC-3-FG1","SL18-JS-11-MG2",-0.182443294641544,2020,6
"151",9401,"SL18-CC-3-FG1xSL18-JS-5-MG2","SL18-CC-3-FG1","SL18-JS-5-MG2",0.840692242319703,2020,10
"152",9405,"SL18-CC-3-FG1xSL18-JS-6-MG3","SL18-CC-3-FG1","SL18-JS-6-MG3",0.343744518036055,2020,4
"153",9491,"SL18-CC-3-FG1xSL18-OI-16-MG2","SL18-CC-3-FG1","SL18-OI-16-MG2",0.133503713068688,2020,10
"154",9595,"SL18-CC-3-FG2xSA18-CB-10-MG3","SL18-CC-3-FG2","SA18-CB-10-MG3",1.95023404168499,2020,4
"155",9603,"SL18-CC-3-FG2xSA18-CB-4-MG2","SL18-CC-3-FG2","SA18-CB-4-MG2",0.105245827440702,2020,6
"156",9752,"SL18-CC-3-FG2xSL18-OD-6-MG1","SL18-CC-3-FG2","SL18-OD-6-MG1",0.764268028880013,2020,6
"157",9757,"SL18-CC-3-FG2xSL18-OI-11-MG3","SL18-CC-3-FG2","SL18-OI-11-MG3",0.236301593047668,2020,8
"158",10028,"SL18-CC-3-FG3xSL18-OD-6-MG3","SL18-CC-3-FG3","SL18-OD-6-MG3",0.442661217047669,2020,4
"159",10228,"SL18-CC-5-FG1xSL18-JS-9-MG1","SL18-CC-5-FG1","SL18-JS-9-MG1",-0.00490082104998063,2020,3
"160",10416,"SL18-CC-5-FG2xSA18-CB-10-MG1","SL18-CC-5-FG2","SA18-CB-10-MG1",1.88964145048964,2020,5
"161",10527,"SL18-CC-5-FG2xSL18-NC-10-MG2","SL18-CC-5-FG2","SL18-NC-10-MG2",0.18347792034769,2020,3
"162",10528,"SL18-CC-5-FG2xSL18-NC-10-MG2","SL18-CC-5-FG2","SL18-NC-10-MG2",0.18347792034769,2020,5
"163",10546,"SL18-CC-5-FG2xSL18-NC-9-MG2","SL18-CC-5-FG2","SL18-NC-9-MG2",-0.0189189272151577,2020,8
"164",10688,"SL18-CC-5-FG3xSA18-CB-1-MG12","SL18-CC-5-FG3","SA18-CB-1-MG12",0.143213095440701,2020,9
"165",10770,"SL18-CC-5-FG3xSL18-JS-19-MG2","SL18-CC-5-FG3","SL18-JS-19-MG2",0.0372781926849878,2020,4
"166",10772,"SL18-CC-5-FG3xSL18-JS-5-MG2","SL18-CC-5-FG3","SL18-JS-5-MG2",0.0718900482919047,2020,7
"167",10856,"SL18-CC-5-FG3xSL18-OI-14-MG1","SL18-CC-5-FG3","SL18-OI-14-MG1",1.24238629175007,2020,8
"168",11046,"SL18-CC-6-FG1xSL18-JS-5-MG2","SL18-CC-6-FG1","SL18-JS-5-MG2",-0.0466192186780127,2020,1
"169",11403,"SL18-CC-6-FG2xSL18-OI-11-MG4","SL18-CC-6-FG2","SL18-OI-11-MG4",0.258002903833785,2020,6
"170",11404,"SL18-CC-6-FG2xSL18-OI-14-MG1","SL18-CC-6-FG2","SL18-OI-14-MG1",0.135763131440701,2020,1
"171",11600,"SL18-CC-6-FG3xSL18-JS-9-MG2","SL18-CC-6-FG3","SL18-JS-9-MG2",-0.105662681494171,2020,9
"172",11679,"SL18-CC-6-FG3xSL18-OI-14-MG2","SL18-CC-6-FG3","SL18-OI-14-MG2",0.0398134917057836,2020,7
"173",11914,"SL18-CC-8-FG1xSL18-NC-8-MG2","SL18-CC-8-FG1","SL18-NC-8-MG2",-0.11032558123832,2020,5
"174",11963,"SL18-CC-8-FG1xSL18-OI-18-MG3","SL18-CC-8-FG1","SL18-OI-18-MG3",0.0806246675058297,2020,2
"175",11973,"SL18-CC-8-FG1xSL18-OI-7-MG1","SL18-CC-8-FG1","SL18-OI-7-MG1",-0.143269965512886,2020,3
"176",12143,"SL18-CC-8-FG2xSL18-JS-5-MG3","SL18-CC-8-FG2","SL18-JS-5-MG3",1.29337900747803,2020,10
"177",12164,"SL18-CC-8-FG2xSL18-LD-9-MG1","SL18-CC-8-FG2","SL18-LD-9-MG1",0.369337851861545,2020,5
"178",12186,"SL18-CC-8-FG2xSL18-NC-5-MG3","SL18-CC-8-FG2","SL18-NC-5-MG3",-0.196100125215158,2020,7
"179",12697,"SL18-CC-9-FG3xSL18-JS-9-MG3","SL18-CC-9-FG3","SL18-JS-9-MG3",0.0112005592546269,2020,1
"180",20603,"SL18-JS-16-FG1xSL18-CC-4-MG11","SL18-JS-16-FG1","SL18-CC-4-MG11",-0.151354840970921,2020,10
"181",20652,"SL18-JS-16-FG1xSL18-LD-2-MG2","SL18-JS-16-FG1","SL18-LD-2-MG2",-0.215034661963944,2020,4
"182",20839,"SL18-JS-16-FG3xSA18-CB-4-MG3","SL18-JS-16-FG3","SA18-CB-4-MG3",-0.220389804326761,2020,1
"183",20941,"SL18-JS-16-FG3xSL18-NC-10-MG3","SL18-JS-16-FG3","SL18-NC-10-MG3",0.0812286946966017,2020,5
"184",20988,"SL18-JS-16-FG3xSL18-OD-6-MG2","SL18-JS-16-FG3","SL18-OD-6-MG2",-0.0324405623973088,2020,6
"185",21104,"SL18-JS-19-FG2xSA18-CB-10-MG3","SL18-JS-19-FG2","SA18-CB-10-MG3",0.0963865233219877,2020,1
"186",21383,"SL18-JS-19-FG3xSA18-CB-3-MG2","SL18-JS-19-FG3","SA18-CB-3-MG2",-0.0885071939523319,2020,1
"187",21472,"SL18-JS-19-FG3xSL18-LD-13-MG3","SL18-JS-19-FG3","SL18-LD-13-MG3",0.0351535507514876,2020,4
"188",21550,"SL18-JS-19-FG3xSL18-OI-17-MG1","SL18-JS-19-FG3","SL18-OI-17-MG1",-0.129762875933729,2020,3
"189",22196,"SL18-JS-5-FG1xSA18-CB-1-MG12","SL18-JS-5-FG1","SA18-CB-1-MG12",-0.24660895132676,2020,3
"190",22298,"SL18-JS-5-FG1xSL18-LD-2-MG4","SL18-JS-5-FG1","SL18-LD-2-MG4",0.0760560252919049,2020,2
"191",22364,"SL18-JS-5-FG1xSL18-OI-14-MG1","SL18-JS-5-FG1","SL18-OI-14-MG1",-0.198829894512886,2020,9
"192",22656,"SL18-JS-5-FG2xSL18-OI-5-MG3","SL18-JS-5-FG2","SL18-OI-5-MG3",-0.14330507707091,2020,6
"193",23569,"SL18-JS-9-FG3xSA18-CB-10-MG1","SL18-JS-9-FG3","SA18-CB-10-MG1",-0.0580589571662158,2020,3
"194",25773,"SL18-LD-13-FG2xSA18-CB-7-MG1","SL18-LD-13-FG2","SA18-CB-7-MG1",0.205266906880013,2020,2
"195",25855,"SL18-LD-13-FG2xSL18-LD-13-MG2","SL18-LD-13-FG2","SL18-LD-13-MG2",-0.0377318694405075,2020,2
"196",26243,"SL18-LD-2-FG2xSL18-SF-19-MG1","SL18-LD-2-FG2","SL18-SF-19-MG1",-0.0175848991481681,2020,9
"197",30058,"SL18-LD-9-FG4xSL18-OI-6-MG2","SL18-LD-9-FG4","SL18-OI-6-MG2",0.35070658817233,2020,9
"198",30432,"SL18-LL-9-FG2xSA18-CB-5-MG3","SL18-LL-9-FG2","SA18-CB-5-MG3",-0.142672500559248,2020,1
"199",30970,"SL18-LL-9-FG6xSA18-CB-10-MG3","SL18-LL-9-FG6","SA18-CB-10-MG3",-0.260413901082525,2020,5
"200",31359,"SL18-NC-1-FG1xSL18-NC-12-MG3","SL18-NC-1-FG1","SL18-NC-12-MG3",-0.366464320208181,2020,7
"201",31915,"SL18-NC-10-FG1xSL18-NC-5-MG1","SL18-NC-10-FG1","SL18-NC-5-MG1",-0.412709570963945,2020,2
"202",31955,"SL18-NC-10-FG1xSL18-OI-11-MG4","SL18-NC-10-FG1","SL18-OI-11-MG4",-0.248528176394305,2020,9
"203",32071,"SL18-NC-10-FG3xSA18-CB-3-MG2","SL18-NC-10-FG3","SA18-CB-3-MG2",-0.0612735853033981,2020,3
"204",32203,"SL18-NC-10-FG3xSL18-NL-5-MG2","SL18-NC-10-FG3","SL18-NL-5-MG2",-0.000475631901184259,2020,4
"205",32471,"SL18-NC-11-FG1xSL18-NL-2-MG1","SL18-NC-11-FG1","SL18-NL-2-MG1",0.176517493489643,2020,9
"206",33166,"SL18-NC-12-FG2xSA18-CB-3-MG1","SL18-NC-12-FG2","SA18-CB-3-MG1",0.258400501047669,2020,8
"207",33171,"SL18-NC-12-FG2xSA18-CB-4-MG3","SL18-NC-12-FG2","SA18-CB-4-MG3",0.00297815602907821,2020,4
"208",33299,"SL18-NC-12-FG2xSL18-NL-5-MG2","SL18-NC-12-FG2","SL18-NL-5-MG2",NA,2020,7
"209",33331,"SL18-NC-12-FG2xSL18-OI-16-MG1","SL18-NC-12-FG2","SL18-OI-16-MG1",0.0848404664780297,2020,10
"210",34024,"SL18-NC-15-FG3xSL18-CC-1-MG2","SL18-NC-15-FG3","SL18-CC-1-MG2",-0.365739017208181,2020,1
"211",34332,"SL18-NC-5-FG2xSL18-JS-11-MG3","SL18-NC-5-FG2","SL18-JS-11-MG3",-0.0903258715104688,2020,10
"212",34709,"SL18-NC-5-FG3xSL18-OI-2-MG2","SL18-NC-5-FG3","SL18-OI-2-MG2",-0.161954838952331,2020,3
"213",34950,"SL18-NC-8-FG1xSL18-NL-7-MG2","SL18-NC-8-FG1","SL18-NL-7-MG2",0.00424099892908917,2020,9
"214",35428,"SL18-NC-9-FG2xSL18-JS-11-MG3","SL18-NC-9-FG2","SL18-JS-11-MG3",0.0345891981723311,2020,5
"215",37005,"SL18-NL-2-FG3xSA18-CB-4-MG1","SL18-NL-2-FG3","SA18-CB-4-MG1",-0.27897494830573,2020,9
"216",37286,"SL18-NL-3-FG1xSA18-CB-7-MG2","SL18-NL-3-FG1","SA18-CB-7-MG2",-0.0754457648381993,2020,6
"217",37426,"SL18-NL-3-FG1xSL18-OD-3-MG1","SL18-NL-3-FG1","SL18-OD-3-MG1",-0.128956512215159,2020,2
"218",37461,"SL18-NL-3-FG1xSL18-OI-7-MG3","SL18-NL-3-FG1","SL18-OI-7-MG3",0.234539667961634,2020,6
"219",37950,"SL18-NL-3-FG3xSL18-NC-9-MG2","SL18-NL-3-FG3","SL18-NC-9-MG2",0.422686022487114,2020,4
"220",38260,"SL18-NL-5-FG1xSL18-OI-14-MG1","SL18-NL-5-FG1","SL18-OI-14-MG1",0.169256150303519,2020,7
"221",39634,"SL18-NL-7-FG3xSL18-OI-15-MG3","SL18-NL-7-FG3","SL18-OI-15-MG3",-0.0646570788291023,2020,6
"222",39635,"SL18-NL-7-FG3xSL18-OI-15-MG3","SL18-NL-7-FG3","SL18-OI-15-MG3",-0.0646570788291023,2020,1
"223",39636,"SL18-NL-7-FG3xSL18-OI-15-MG3","SL18-NL-7-FG3","SL18-OI-15-MG3",-0.0646570788291023,2020,4
"224",39637,"SL18-NL-7-FG3xSL18-OI-15-MG3","SL18-NL-7-FG3","SL18-OI-15-MG3",-0.0646570788291023,2020,3
"225",39638,"SL18-NL-7-FG3xSL18-OI-15-MG3","SL18-NL-7-FG3","SL18-OI-15-MG3",-0.0646570788291023,2020,4
"226",39639,"SL18-NL-7-FG3xSL18-OI-15-MG3","SL18-NL-7-FG3","SL18-OI-15-MG3",-0.0646570788291023,2020,8
"227",39741,"SL18-NL-7-FG4xSA18-CB-1-MG12","SL18-NL-7-FG4","SA18-CB-1-MG12",-0.023378090559299,2020,9
"228",41442,"SL18-OD-5-FG1xSL18-CC-8-MG2","SL18-OD-5-FG1","SL18-CC-8-MG2",-0.131400627970921,2020,9
"229",41659,"SL18-OD-5-FG3xSA18-CB-1-MG12","SL18-OD-5-FG3","SA18-CB-1-MG12",0.0255708162919045,2020,7
"230",42526,"SL18-OI-11-FG3xSL18-CC-1-MG3","SL18-OI-11-FG3","SL18-CC-1-MG3",0.85395051845917,2020,10
"231",42605,"SL18-OI-11-FG3xSL18-NC-2-MG1","SL18-OI-11-FG3","SL18-NC-2-MG1",0.848318325172329,2020,6
"232",42762,"SL18-OI-15-FG1xSA18-CB-2-MG3","SL18-OI-15-FG1","SA18-CB-2-MG3",-0.0318469011476302,2020,10
"233",43037,"SL18-OI-15-FG2xSA18-CB-2-MG3","SL18-OI-15-FG2","SA18-CB-2-MG3",0.323904062917476,2020,10
"234",44304,"SL18-OI-16-FG2xSL18-OI-18-MG1","SL18-OI-16-FG2","SL18-OI-18-MG1",-0.22558522495233,2020,4
"235",44856,"SL18-OI-17-FG1xSL18-OI-4-MG1","SL18-OI-17-FG1","SL18-OI-4-MG1",-0.261393102815149,2020,8
"236",45277,"SL18-OI-17-FG4xSL18-CC-7-MG1","SL18-OI-17-FG4","SL18-CC-7-MG1",0.296569282184851,2020,7
"237",45309,"SL18-OI-17-FG4xSL18-JS-6-MG2","SL18-OI-17-FG4","SL18-JS-6-MG2",0.712121070036057,2020,5
"238",47430,"SL18-OI-4-FG2xSA18-CB-7-MG2","SL18-OI-4-FG2","SA18-CB-7-MG2",1.69954432367324,2020,9
"239",47496,"SL18-OI-4-FG2xSL18-JS-19-MG2","SL18-OI-4-FG2","SL18-JS-19-MG2",0.0776805299198921,2020,3
"240",47534,"SL18-OI-4-FG2xSL18-NC-15-MG1","SL18-OI-4-FG2","SL18-NC-15-MG1",0.83920045347803,2020,8
"241",47979,"SL18-OI-5-FG5xSA18-CB-7-MG3","SL18-OI-5-FG5","SA18-CB-7-MG3",-0.0267042073856951,2020,9
"242",48522,"SL18-OI-6-FG2xSA18-CB-4-MG2","SL18-OI-6-FG2","SA18-CB-4-MG2",1.9612136313197,2020,6
"243",48610,"SL18-OI-6-FG2xSL18-LD-2-MG2","SL18-OI-6-FG2","SL18-LD-2-MG2",1.05787442759872,2020,5
"244",48830,"SL18-OI-6-FG3xSL18-CC-11-MG5","SL18-OI-6-FG3","SL18-CC-11-MG5",0.793086789487115,2020,4
"245",48870,"SL18-OI-6-FG3xSL18-JS-6-MG1","SL18-OI-6-FG3","SL18-JS-6-MG1",0.426040101833784,2020,3
"246",50428,"SL18-OI-9-FG4xSA18-CB-1-MG12","SL18-OI-9-FG4","SA18-CB-1-MG12",0.78647309404767,2020,1
"247",51539,"SL18-SF-13-FG1xSA18-CB-7-MG1","SL18-SF-13-FG1","SA18-CB-7-MG1",0.0636005022919051,2020,8
"248",51805,"SL18-SF-13-FG2xSA18-CB-2-MG3","SL18-SF-13-FG2","SA18-CB-2-MG3",0.95660066776168,2020,2
"249",51876,"SL18-SF-13-FG2xSL18-JS-11-MG3","SL18-SF-13-FG2","SL18-JS-11-MG3",0.620518724751487,2020,3
"250",51888,"SL18-SF-13-FG2xSL18-JS-9-MG2","SL18-SF-13-FG2","SL18-JS-9-MG2",0.407943730321988,2020,4
"251",52347,"SL18-SF-17-FG2xSA18-CB-1-MG13","SL18-SF-17-FG2","SA18-CB-1-MG13",0.318917352519659,2020,5
"252",52362,"SL18-SF-17-FG2xSA18-CB-7-MG2","SL18-SF-17-FG2","SA18-CB-7-MG2",0.270569582605694,2020,5
"253",52363,"SL18-SF-17-FG2xSA18-CB-7-MG3","SL18-SF-17-FG2","SA18-CB-7-MG3",1.55497742644075,2020,3
"254",52458,"SL18-SF-17-FG2xSL18-NC-1-MG1","SL18-SF-17-FG2","SL18-NC-1-MG1",-0.0145044528221258,2020,5
"255",52464,"SL18-SF-17-FG2xSL18-NC-12-MG1","SL18-SF-17-FG2","SL18-NC-12-MG1",0.0412713587918193,2020,2
"256",52530,"SL18-SF-17-FG2xSL18-OI-4-MG3","SL18-SF-17-FG2","SL18-OI-4-MG3",-0.0705632001011388,2020,8
